nome,t0,hhmm,rng,m15,m60,b_rng,b_m15,ratio,r15
chicago-fed-president-evans-speaks,2026-03-17 14:30:00,14:30,43.29999999999927,-2.5,61.39999999999782,43.1363013698629,16.173287671232845,1.0037949157655583,0.15457586922457997
fed-governor-kroszner-speaks,2025-12-11 11:00:00,11:00,64.40000000000146,32.900000000001455,66.60000000000218,47.83541666666679,20.85972222222242,1.3462828274030147,1.5772022105333794
fomc-member-williams-speaks,2026-04-16 15:35:00,15:35,37.599999999998545,-20.5,-34.900000000001455,54.40068027210873,21.23013698630131,0.6911678275331438,0.9656084656084682
fomc-member-williams-speaks,2026-03-30 23:00:00,23:00,52.20000000000073,-42.099999999998545,-34.29999999999927,56.02442748091601,21.321374045801573,0.9317364290386007,1.9745444130177214
fomc-member-williams-speaks,2026-03-03 16:55:00,16:55,132.40000000000146,-42.400000000001455,-163.8000000000029,110.21496598639447,46.24965986394581,1.2012887616038064,0.9167634989042291
fomc-member-williams-speaks,2026-01-14 21:10:00,21:10,43.5,17.19999999999709,71.5,60.246153846153724,24.76573426573429,0.7220377936670086,0.694507976845851
fomc-member-williams-speaks,2025-12-19 15:30:00,15:30,46.79999999999927,6.200000000000728,57.0,50.02469135802478,19.175000000000274,0.9355380059229848,0.32333767926991597
fomc-member-williams-speaks,2025-12-17 16:05:00,16:05,54.70000000000073,-19.700000000000728,-149.70000000000073,50.24324324324336,17.84256756756755,1.0887036040882314,1.1041011852918206
fomc-member-williams-speaks,2025-12-15 17:30:00,17:30,139.59999999999854,107.90000000000146,186.3000000000029,103.4838983050848,41.258474576271276,1.3490021373995644,2.615220293724996
fomc-member-williams-speaks,2025-11-21 14:30:00,14:30,295.5,212.29999999999927,230.0,43.1363013698629,16.173287671232845,6.850378697661143,13.126582814551286
fomc-member-williams-speaks,2025-11-19 21:00:00,21:00,71.29999999999927,-18.19999999999709,-28.899999999997817,59.83305785123963,24.426446280991602,1.1916489405784576,0.7450940587358438
fomc-member-williams-speaks,2025-11-17 16:00:00,16:00,63.400000000001455,-52.599999999998545,119.79999999999927,49.892700729927,19.532116788321233,1.2707269615086683,2.6930004858177723
fomc-member-williams-speaks,2025-11-12 16:20:00,16:20,152.09999999999854,-109.59999999999854,-203.40000000000146,127.2190476190477,47.75238095238107,1.1955756849827697,2.295173514160315
fomc-member-williams-speaks,2025-11-07 10:00:00,10:00,41.20000000000073,14.100000000002183,-23.099999999998545,49.17162162162168,20.427702702702675,0.8378816610328002,0.690239142658792
fomc-member-williams-speaks,2025-11-06 18:00:00,18:00,80.79999999999927,37.79999999999927,-79.59999999999854,87.65294117647034,35.75882352941182,0.9218173276961221,1.0570817568678839
fomc-member-williams-speaks,2025-10-03 13:05:00,13:05,18.0,-7.0,-30.200000000000728,35.48108108108106,13.097297297297308,0.5073126142595982,0.5344614114733797
fomc-member-kashkari-speaks,2026-03-03 18:45:00,18:45,92.0,23.900000000001455,45.400000000001455,74.42229729729715,28.726351351351376,1.2361886604021997,0.8319887098671557
fomc-member-kashkari-speaks,2026-02-19 16:00:00,16:00,45.70000000000073,-5.700000000000728,26.799999999999272,49.892700729927,19.532116788321233,0.915965648910816,0.2918270488434161
fomc-member-kashkari-speaks,2026-01-14 19:00:00,19:00,66.90000000000146,34.79999999999927,-10.700000000000728,68.85119999999992,26.477599999999978,0.9716606246514444,1.314318518294683
fomc-member-kashkari-speaks,2026-01-09 17:00:00,17:00,194.39999999999782,12.200000000000728,76.0,99.43205128205125,36.874358974358934,1.9551039880345855,0.3308532090953542
fomc-member-kashkari-speaks,2025-11-17 20:00:00,20:00,58.20000000000073,-13.600000000002183,-105.20000000000073,64.80508474576308,26.498305084745418,0.8980776775206024,0.5132403735449272
fomc-member-kashkari-speaks,2025-11-13 17:30:00,17:30,179.39999999999782,-89.79999999999927,-159.5,103.4838983050848,41.258474576271276,1.7336030333057408,2.176522542877661
fomc-member-kashkari-speaks,2025-10-08 22:15:00,22:15,22.200000000000728,17.200000000000728,37.80000000000291,61.85071428571425,22.211428571428588,0.35892875703018834,0.7743761255467263
fomc-member-kashkari-speaks,2025-10-07 18:30:00,18:30,93.20000000000073,-35.79999999999927,-37.39999999999782,80.64732824427472,31.748091603053407,1.15564894744814,1.1276268333733852
fomc-press-conference,2026-04-29 21:30:00,21:30,92.10000000000218,-16.899999999997817,102.10000000000218,55.700751879699006,22.18195488721805,1.6534785777922227,0.7618805504710559
fomc-press-conference,2026-03-18 21:30:00,21:30,112.0,-42.5,-134.60000000000218,55.700751879699006,22.18195488721805,2.0107448503010263,1.9159717985221336
fomc-press-conference,2026-01-28 21:30:00,21:30,95.30000000000291,26.0,52.80000000000291,55.700751879699006,22.18195488721805,1.7109284306579793,1.1721239238017758
fomc-press-conference,2025-12-10 21:30:00,21:30,192.70000000000073,-0.5,168.5,55.700751879699006,22.18195488721805,3.4595583272590114,0.02254084468849569
fomc-press-conference,2025-10-29 21:30:00,21:30,232.70000000000073,-176.40000000000146,-55.10000000000218,55.700751879699006,22.18195488721805,4.177681488080807,7.952410006101345
u.s.-president-trump-speaks,2026-04-27 02:00:00,02:00,21.100000000002183,-14.799999999999272,-11.5,40.912676056337915,15.488732394366233,0.5157325805563754,0.9555333272710248
u.s.-president-trump-speaks,2026-04-21 15:30:00,15:30,58.10000000000218,-31.299999999999272,-51.0,50.02469135802478,19.175000000000274,1.1614264560711176,1.632333767926927
u.s.-president-trump-speaks,2026-04-17 21:00:00,21:00,65.70000000000073,-40.0,-23.299999999999272,59.83305785123963,24.426446280991602,1.0980551948948996,1.637569359859259
u.s.-president-trump-speaks,2026-04-17 02:00:00,02:00,17.0,-1.4000000000014552,5.5,40.912676056337915,15.488732394366233,0.4155191407325817,0.09038828771492506
u.s.-president-trump-speaks,2026-04-15 13:00:00,13:00,46.0,6.5,6.799999999999272,37.445890410959116,14.454109589041115,1.2284392090870777,0.44969909491541427
u.s.-president-trump-speaks,2026-04-15 13:00:00,13:00,46.0,6.5,6.799999999999272,37.445890410959116,14.454109589041115,1.2284392090870777,0.44969909491541427
u.s.-president-trump-speaks,2026-04-06 20:00:00,20:00,106.5,-80.39999999999782,-43.89999999999782,64.80508474576308,26.498305084745418,1.6433895645351024,3.0341563259562063
u.s.-president-trump-speaks,2026-04-02 04:00:00,04:00,263.0,-95.79999999999927,-294.2999999999993,35.9503401360546,14.689115646258474,7.315647056597311,6.521835780113889
u.s.-president-trump-speaks,2026-03-30 01:30:00,01:30,82.60000000000218,-44.89999999999782,-51.89999999999782,38.144897959183766,14.687755102040757,2.1654272109571973,3.0569681811864693
u.s.-president-trump-speaks,2026-03-26 23:00:00,23:00,256.5,113.59999999999854,35.20000000000073,56.02442748091601,21.321374045801573,4.5783600392413355,5.327986824675013
u.s.-president-trump-speaks,2026-03-26 22:00:00,22:00,61.900000000001455,-45.400000000001455,-95.40000000000146,61.38723404255339,23.334042553191246,1.008352973797331,1.9456551472600443
u.s.-president-trump-speaks,2026-03-26 02:20:00,02:20,22.0,3.2000000000007276,71.29999999999927,35.528187919462994,14.250335570469769,0.6192266278784232,0.2245561154806713
u.s.-president-trump-speaks,2026-03-23 16:30:00,16:30,173.89999999999782,5.69999999999709,145.29999999999927,150.29650349650365,59.888111888111915,1.1570462116841145,0.09517748715548616
u.s.-president-trump-speaks,2026-03-17 18:30:00,18:30,78.90000000000146,-14.400000000001455,2.099999999998545,80.64732824427472,31.748091603053407,0.9783337119491332,0.45357056984856753
u.s.-president-trump-speaks,2026-03-16 18:30:00,18:30,44.70000000000073,1.5,-82.79999999999927,80.64732824427472,31.748091603053407,0.5542651067696598,0.04724693435922101
u.s.-president-trump-speaks,2026-03-02 18:00:00,18:00,93.39999999999782,48.5,109.40000000000146,87.65294117647034,35.75882352941182,1.0655660693912943,1.356308603388713
u.s.-president-trump-speaks,2026-02-25 04:00:00,04:00,25.399999999997817,-0.9000000000014552,3.399999999997817,35.9503401360546,14.689115646258474,0.7065301720059153,0.061269855971941914
u.s.-president-trump-speaks,2026-02-20 19:45:00,19:45,95.90000000000146,71.70000000000073,107.60000000000218,66.94714285714292,24.196428571428545,1.4324733798519291,2.963247232472358
u.s.-president-trump-speaks,2026-02-06 02:00:00,02:00,114.0,-66.59999999999854,65.5,40.912676056337915,15.488732394366233,2.786422473147901,4.299899972719729
u.s.-president-trump-speaks,2026-01-27 23:00:00,23:00,43.70000000000073,3.7000000000007276,34.5,56.02442748091601,21.321374045801573,0.7800168955744629,0.1735347821417401
u.s.-president-trump-speaks,2026-01-21 15:30:00,15:30,66.79999999999927,-27.5,121.5,50.02469135802478,19.175000000000274,1.335340572556745,1.4341590612776849
u.s.-president-trump-speaks,2026-01-13 21:00:00,21:00,47.20000000000073,-10.0,25.799999999999272,59.83305785123963,24.426446280991602,0.7888615707616359,0.4093923399648148
u.s.-president-trump-speaks,2025-12-18 04:00:00,04:00,54.5,16.900000000001455,7.0,35.9503401360546,14.689115646258474,1.5159800934773895,1.150511739915815
u.s.-president-trump-speaks,2025-12-12 03:15:00,03:15,22.0,21.200000000000728,40.70000000000073,44.079865771811946,17.232885906040273,0.499094078777084,1.2302060209526453
u.s.-president-trump-speaks,2025-12-03 21:30:00,21:30,27.299999999999272,8.700000000000728,33.20000000000073,55.700751879699006,22.18195488721805,0.49011905726086213,0.39221069757985777
u.s.-president-trump-speaks,2025-11-05 20:00:00,20:00,28.600000000002183,6.599999999998545,52.599999999998545,64.80508474576308,26.498305084745418,0.44132339479537575,0.24907253422023742
fomc-member-bostic-speaks,2026-02-24 16:00:00,16:00,52.10000000000218,-25.200000000000728,0.0,49.892700729927,19.532116788321233,1.0442409257823797,1.2901827422549752
fomc-member-bostic-speaks,2026-02-20 16:45:00,16:45,225.10000000000218,-26.5,136.40000000000146,129.5608333333331,58.23499999999986,1.7374077814154425,0.45505280329698744
fomc-member-bostic-speaks,2026-02-19 15:20:00,15:20,78.29999999999927,1.5999999999985448,27.599999999998545,58.86621621621622,21.804761904761826,1.3301347535639552,0.07337846691410693
fomc-member-bostic-speaks,2026-02-09 22:15:00,22:15,66.79999999999927,-36.5,-29.5,61.85071428571425,22.211428571428588,1.0800198634961953,1.6432981733985066
fomc-member-bostic-speaks,2026-02-05 17:50:00,17:50,107.79999999999927,-2.0,193.0,94.15374149659853,41.41088435374148,1.1449359131829482,0.048296481256365625
fomc-member-bostic-speaks,2026-02-02 19:30:00,19:30,31.0,-3.2999999999992724,-3.1999999999970896,69.80068965517253,27.399310344827548,0.4441216863779621,0.12044098769158428
fomc-member-bostic-speaks,2026-01-15 15:35:00,15:35,45.29999999999927,34.099999999998545,14.399999999997817,54.40068027210873,21.23013698630131,0.8327101751928756,1.606207252548652
fomc-member-bostic-speaks,2026-01-14 19:00:00,19:00,66.90000000000146,34.79999999999927,-10.700000000000728,68.85119999999992,26.477599999999978,0.9716606246514444,1.314318518294683
fomc-member-bostic-speaks,2026-01-12 19:30:00,19:30,33.20000000000073,-3.5,28.200000000000728,69.80068965517253,27.399310344827548,0.47563999960479564,0.1277404414911024
fomc-member-bostic-speaks,2025-12-17 19:30:00,19:30,99.29999999999927,-33.70000000000073,-32.70000000000073,69.80068965517253,27.399310344827548,1.4226220470106876,1.2299579652143553
fomc-member-bostic-speaks,2025-11-14 22:20:00,22:20,58.19999999999709,-3.599999999998545,-1.2000000000007276,60.23687943262412,24.543971631205654,0.9661855087479205,0.14667552807229614
fomc-member-bostic-speaks,2025-11-14 16:20:00,16:20,217.60000000000218,-113.40000000000146,175.09999999999854,127.2190476190477,47.75238095238107,1.7104356939661787,2.3747506980454975
fomc-member-bostic-speaks,2025-11-12 19:15:00,19:15,92.60000000000218,0.7999999999992724,56.0,69.98843537414953,24.517006802721138,1.3230757267964917,0.03263041065479823
fomc-member-bostic-speaks,2025-10-31 19:00:00,19:00,97.5,-44.20000000000073,-102.70000000000073,68.85119999999992,26.477599999999978,1.416097322922478,1.6693355893283668
fomc-member-bostic-speaks,2025-10-15 19:10:00,19:10,65.70000000000073,-6.400000000001455,-176.20000000000073,70.21224489795901,26.39795918367369,0.9357342169515299,0.24244298415157994
fomc-member-bostic-speaks,2025-10-07 17:00:00,17:00,42.599999999998545,-2.5,-55.20000000000073,99.43205128205125,36.874358974358934,0.42843328132855674,0.06779778874904395
fed-chair-powell-speaks,2026-03-30 17:30:00,17:30,98.90000000000146,-51.20000000000073,5.400000000001455,103.4838983050848,41.258474576271276,0.9557042363096008,1.240957173667469
fed-chair-powell-speaks,2025-12-02 03:00:00,03:00,42.900000000001455,26.099999999998545,4.799999999999272,50.0953020134228,20.981208053691084,0.8563677286246643,1.2439703153988289
fed-chair-powell-speaks,2025-10-14 19:20:00,19:20,90.59999999999854,57.10000000000218,73.79999999999927,70.78986486486478,28.005405405405426,1.2798442287317622,2.038892105771163
fed-chair-powell-speaks,2025-10-09 15:30:00,15:30,13.399999999997817,1.6000000000021828,2.900000000001455,50.02469135802478,19.175000000000274,0.26786771964457584,0.08344198174717914
fomc-member-barkin-speaks,2026-04-17 19:15:00,19:15,57.29999999999927,7.5,-8.599999999998545,69.98843537414953,24.517006802721138,0.8187066862358123,0.3059100998890116
fomc-member-barkin-speaks,2026-04-14 20:00:00,20:00,47.70000000000073,10.0,44.0,64.80508474576308,26.498305084745418,0.7360533542565783,0.37738262760650354
fomc-member-barkin-speaks,2026-03-27 18:00:00,18:00,106.90000000000146,-16.30000000000291,38.0,87.65294117647034,35.75882352941182,1.2195825783504664,0.45583155124206126
fomc-member-barkin-speaks,2026-02-25 16:30:00,16:30,191.5,111.09999999999854,173.09999999999854,150.29650349650365,59.888111888111915,1.2741480709460076,1.855126109294697
fomc-member-barkin-speaks,2026-02-24 22:15:00,22:15,29.799999999999272,-5.299999999999272,14.599999999998545,61.85071428571425,22.211428571428588,0.48180526844590094,0.23861589915098327
fomc-member-barkin-speaks,2026-02-03 15:00:00,15:00,27.0,6.600000000002183,-15.099999999998545,49.89007092198587,19.690070921985424,0.5411898500248769,0.3351943233801557
fomc-member-barkin-speaks,2026-01-15 19:40:00,19:40,45.10000000000218,-3.2000000000007276,21.0,67.121768707483,27.771428571428558,0.6719131642157435,0.11522633744858593
fomc-member-barkin-speaks,2026-01-13 23:00:00,23:00,18.299999999999272,7.0,-5.600000000002183,56.02442748091601,21.321374045801573,0.3266432308698367,0.3283090472951194
fomc-member-barkin-speaks,2026-01-12 19:45:00,19:45,34.70000000000073,9.200000000000728,22.700000000000728,66.94714285714292,24.196428571428545,0.5183193564219211,0.38022140221405265
fomc-member-barkin-speaks,2026-01-09 20:35:00,20:35,43.20000000000073,25.0,28.100000000002183,65.61538461538464,25.825174825174827,0.658382180539284,0.9680476577308421
fomc-member-barkin-speaks,2026-01-06 15:00:00,15:00,25.5,-9.799999999999272,-24.5,49.89007092198587,19.690070921985424,0.511123747245717,0.4977127832006357
fomc-member-barkin-speaks,2025-11-19 19:45:00,19:45,100.79999999999927,19.69999999999709,19.69999999999709,66.94714285714292,24.196428571428545,1.5056654503552787,0.8141697416972976
fomc-member-barkin-speaks,2025-11-18 18:00:00,18:00,223.59999999999854,72.19999999999709,195.09999999999854,87.65294117647034,35.75882352941182,2.5509697335749184,2.019082085869302
fomc-member-barkin-speaks,2025-10-16 19:45:00,19:45,204.59999999999854,127.0,72.40000000000146,66.94714285714292,24.196428571428545,3.056142372447322,5.248708487084877
fomc-member-barkin-speaks,2025-10-16 15:00:00,15:00,42.29999999999927,-33.30000000000291,14.69999999999709,49.89007092198587,19.690070921985424,0.8478640983722925,1.691207722508556
fomc-member-daly-speaks,2026-04-17 18:30:00,18:30,60.39999999999782,-24.700000000000728,14.599999999998545,80.64732824427472,31.748091603053407,0.7489398758139977,0.7779995191151955
fomc-member-daly-speaks,2026-04-08 20:00:00,20:00,68.29999999999927,-18.5,-48.0,64.80508474576308,26.498305084745418,1.0539296456126412,0.6981578610720316
fomc-member-daly-speaks,2026-03-27 18:30:00,18:30,89.0,-14.5,-74.5,80.64732824427472,31.748091603053407,1.1035703468120563,0.45672036547246975
fomc-member-daly-speaks,2026-03-06 17:15:00,17:15,131.90000000000146,31.299999999999272,32.400000000001455,105.88493150684914,40.76232876712326,1.2456918857379582,0.7678658444373325
fomc-member-daly-speaks,2026-02-17 21:30:00,21:30,68.69999999999709,36.19999999999709,-63.400000000001455,55.700751879699006,22.18195488721805,1.233376528711381,1.6319571554469567
fomc-member-daly-speaks,2025-11-13 15:00:00,15:00,49.0,2.7999999999992724,-87.10000000000218,49.89007092198587,19.690070921985424,0.9821593574525542,0.14220365234301238
fomc-member-daly-speaks,2025-11-10 15:30:00,15:30,29.0,-7.200000000000728,-10.099999999998545,50.02469135802478,19.175000000000274,0.5797137216189525,0.3754889178618318
fomc-member-daly-speaks,2025-11-03 19:00:00,19:00,60.0,14.0,31.400000000001455,68.85119999999992,26.477599999999978,0.8714445064138325,0.5287488291990216
fomc-member-daly-speaks,2025-10-10 04:40:00,04:40,11.700000000000728,4.400000000001455,10.0,32.31879194630858,11.816778523489791,0.3620184819852801,0.37235190549226144
fomc-member-bowman-speaks,2026-04-15 20:45:00,20:45,63.79999999999927,6.700000000000728,88.20000000000073,63.269503546099365,24.66879432624121,1.008384710234266,0.27159819452034034
fomc-member-bowman-speaks,2026-04-02 19:45:00,19:45,61.79999999999927,-23.799999999999272,-7.299999999999272,66.94714285714292,24.196428571428545,0.9231163177773393,0.9836162361623326
fomc-member-bowman-speaks,2026-03-12 18:00:00,18:00,71.80000000000291,-29.69999999999709,45.80000000000291,87.65294117647034,35.75882352941182,0.8191396550567431,0.8305642375389862
fomc-member-bowman-speaks,2026-03-11 15:30:00,15:30,135.10000000000218,-62.30000000000291,38.89999999999782,50.02469135802478,19.175000000000274,2.700666337611095,3.2490221642765067
fomc-member-bowman-speaks,2026-03-05 20:15:00,20:15,112.80000000000291,-84.10000000000218,-24.5,65.61773049645386,24.483687943262417,1.7190475675792978,3.4349400382365753
fomc-member-bowman-speaks,2026-03-03 15:30:00,15:30,83.09999999999854,-33.400000000001455,4.099999999998545,50.02469135802478,19.175000000000274,1.6611796643632453,1.741851368970064
fomc-member-bowman-speaks,2026-02-26 17:00:00,17:00,308.2999999999993,-126.10000000000218,-194.0,99.43205128205125,36.874358974358934,3.100609874028128,3.419720464501836
fomc-member-bowman-speaks,2026-02-19 15:30:00,15:30,78.29999999999927,18.799999999999272,2.599999999998545,50.02469135802478,19.175000000000274,1.5652270483711574,0.9804432855279793
fomc-member-bowman-speaks,2026-02-18 20:00:00,20:00,57.79999999999927,-15.0,-74.20000000000073,64.80508474576308,26.498305084745418,0.8919053223486171,0.5660739414097553
fomc-member-bowman-speaks,2026-02-16 15:25:00,15:25,27.600000000002183,7.799999999999272,-80.89999999999782,60.77702702702693,22.697959183673756,0.45411895497502275,0.34364322963492133
fomc-member-bowman-speaks,2026-02-11 17:15:00,17:15,135.60000000000218,-112.70000000000073,68.89999999999782,105.88493150684914,40.76232876712326,1.2806354791968764,2.764807689076356
fomc-member-bowman-speaks,2026-02-03 16:40:00,16:40,272.1000000000022,-99.89999999999782,-273.6999999999971,137.39189189189176,53.827027027027036,1.9804662142225022,1.85594496886921
fomc-member-bowman-speaks,2026-01-16 18:00:00,18:00,57.0,8.900000000001455,35.80000000000291,87.65294117647034,35.75882352941182,0.6502919267163296,0.24888962000333031
fomc-member-bowman-speaks,2025-12-04 19:00:00,19:00,53.79999999999927,-10.599999999998545,-24.5,68.85119999999992,26.477599999999978,0.7813952407510593,0.40033839925063275
fomc-member-bowman-speaks,2025-12-02 17:00:00,17:00,57.79999999999927,37.19999999999709,50.19999999999709,99.43205128205125,36.874358974358934,0.581301494384768,1.008831096585695
fomc-member-bowman-speaks,2025-11-04 13:35:00,13:35,29.599999999998545,11.399999999997817,6.200000000000728,37.11554054054061,15.138513513513686,0.7975096029563956,0.7530461950455959
fomc-member-bowman-speaks,2025-10-30 16:55:00,16:55,139.59999999999854,-39.79999999999927,-131.29999999999927,110.21496598639447,46.24965986394581,1.2666156428994544,0.8605468692543963
fomc-member-bowman-speaks,2025-10-23 17:00:00,17:00,90.90000000000146,-23.5,30.099999999998545,99.43205128205125,36.874358974358934,0.9141921425532339,0.6372992142410131
fomc-member-bowman-speaks,2025-10-16 17:00:00,17:00,98.20000000000073,-17.799999999999272,45.900000000001455,99.43205128205125,36.874358974358934,0.9876091132973245,0.4827202558931732
fomc-member-bowman-speaks,2025-10-14 15:45:00,15:45,81.90000000000146,46.5,-122.0,54.09256756756755,19.493918918918837,1.5140712242527474,2.3853592596443898
fomc-member-bowman-speaks,2025-10-09 22:45:00,22:45,30.400000000001455,20.600000000002183,7.600000000002183,74.15845070422546,31.18943661971819,0.4099330516120033,0.6604800289011541
fomc-member-bowman-speaks,2025-10-09 15:35:00,15:35,16.400000000001455,-4.700000000000728,-15.600000000002183,54.40068027210873,21.23013698630131,0.30146681839215433,0.22138340431026846
fomc-member-bowman-speaks,2025-10-07 17:05:00,17:05,48.89999999999782,20.400000000001455,-75.59999999999854,103.96054421768696,37.28231292517024,0.470370758136897,0.5471763525226165
fed-waller-speaks,2026-04-21 21:30:00,21:30,74.0,10.5,98.5,55.700751879699006,22.18195488721805,1.328527847520321,0.47335773845840945
fed-waller-speaks,2026-04-17 21:00:00,21:00,65.70000000000073,-40.0,-23.299999999999272,59.83305785123963,24.426446280991602,1.0980551948948996,1.637569359859259
fed-waller-speaks,2026-04-08 21:35:00,21:35,119.09999999999854,-57.400000000001455,-64.70000000000073,58.24195804195801,21.169930069930114,2.044917513147444,2.7113929904536027
fed-waller-speaks,2026-03-06 14:30:00,14:30,54.0,-14.400000000001455,9.399999999997817,43.1363013698629,16.173287671232845,1.2518458533797012,0.8903570067336707
fed-waller-speaks,2026-02-24 16:10:00,16:10,154.60000000000218,-29.900000000001455,39.39999999999782,95.35850340136058,17.081632653061373,1.6212502764362422,1.7504181600956494
fed-waller-speaks,2026-02-23 15:00:00,15:00,47.5,12.900000000001455,30.200000000000728,49.89007092198587,19.690070921985424,0.9520932546733945,0.6551525411519797
fed-waller-speaks,2026-02-09 20:30:00,20:30,57.29999999999927,38.29999999999927,75.5,67.52553191489363,27.06170212765953,0.8485679175725384,1.4152842204575586
fed-waller-speaks,2025-12-17 15:15:00,15:15,74.70000000000073,-13.299999999999272,-27.799999999999272,56.37279999999987,18.30640000000014,1.3251071438708188,0.7265218721321053
fed-waller-speaks,2025-11-17 22:35:00,22:35,127.90000000000146,74.60000000000218,128.3000000000029,72.33943661971828,22.292957746478862,1.7680535815112841,3.3463482436190026
fed-waller-speaks,2025-11-12 17:20:00,17:20,95.10000000000218,-8.5,-43.099999999998545,104.42364864864875,41.66216216216204,0.9107132458087384,0.2040220564385345
fed-waller-speaks,2025-11-06 22:30:00,22:30,126.0,-49.599999999998545,-74.59999999999854,65.959649122807,21.22543859649117,1.9102587972444618,2.3368186138776914
fed-waller-speaks,2025-10-21 22:30:00,22:30,35.0,3.0,-51.29999999999927,65.959649122807,21.22543859649117,0.5306274436790172,0.1413398355168
fed-waller-speaks,2025-10-21 16:00:00,16:00,32.0,-10.0,-63.89999999999782,49.892700729927,19.532116788321233,0.6413763843576727,0.5119772786725945
fed-waller-speaks,2025-10-16 16:00:00,16:00,29.900000000001455,-0.7999999999992724,-19.0,49.892700729927,19.532116788321233,0.5992860591342296,0.0409581822937703
fed-waller-speaks,2025-10-15 20:00:00,20:00,239.0,-199.0,1.2999999999992724,64.80508474576308,26.498305084745418,3.6879822152477884,7.509914289369421
fed-waller-speaks,2025-10-14 22:25:00,22:25,239.5,-91.70000000000073,-211.89999999999782,58.136619718309795,22.75774647887323,4.119606560554308,4.0293972026241205
fed-vice-chair-for-supervision-barr-speaks,2026-04-15 15:30:00,15:30,36.20000000000073,27.099999999998545,48.0,50.02469135802478,19.175000000000274,0.7236426456071209,1.4132985658408426
fed-vice-chair-for-supervision-barr-speaks,2026-04-14 19:45:00,19:45,29.900000000001455,-11.299999999999272,38.5,66.94714285714292,24.196428571428545,0.4466210016431086,0.46701107011067156
fed-vice-chair-for-supervision-barr-speaks,2026-04-01 16:10:00,16:10,117.0,29.5,107.90000000000146,95.35850340136058,17.081632653061373,1.2269487861774753,1.7270011947431152
fed-vice-chair-for-supervision-barr-speaks,2026-03-31 22:00:00,22:00,73.60000000000218,23.69999999999709,56.39999999999782,61.38723404255339,23.334042553191246,1.198946346873732,1.0156834138778834
fed-vice-chair-for-supervision-barr-speaks,2026-03-27 02:10:00,02:10,29.599999999998545,-12.400000000001455,46.5,37.5442953020132,15.169127516778431,0.7884020664628465,0.817449783205127
fed-vice-chair-for-supervision-barr-speaks,2026-03-25 01:30:00,01:30,32.099999999998545,24.299999999999272,31.799999999999272,38.144897959183766,14.687755102040757,0.841528008132216,1.6544393497290109
fed-vice-chair-for-supervision-barr-speaks,2026-02-17 19:45:00,19:45,95.5,48.20000000000073,176.60000000000218,66.94714285714292,24.196428571428545,1.4264985169536721,1.9920295202952352
fed-vice-chair-for-supervision-barr-speaks,2026-01-15 16:15:00,16:15,96.0,25.599999999998545,-19.299999999999272,115.36549295774654,20.419718309858915,0.8321379083012345,1.2536901641605174
fed-vice-chair-for-supervision-barr-speaks,2025-11-21 15:30:00,15:30,81.79999999999927,62.79999999999927,9.0,50.02469135802478,19.175000000000274,1.6351924975320653,3.275097783572275
fed-vice-chair-for-supervision-barr-speaks,2025-11-20 16:30:00,16:30,119.70000000000073,4.400000000001455,49.79999999999927,150.29650349650365,59.888111888111915,0.7964257132753945,0.07347034096219147
fed-vice-chair-for-supervision-barr-speaks,2025-11-19 05:30:00,05:30,57.89999999999782,-24.5,-49.29999999999927,30.414864864864704,10.737837837837818,1.9036744124049678,2.2816511452303088
fed-vice-chair-for-supervision-barr-speaks,2025-11-18 17:30:00,17:30,152.8000000000029,-47.400000000001455,101.19999999999709,103.4838983050848,41.258474576271276,1.4765582134287931,1.1488548834343555
fed-vice-chair-for-supervision-barr-speaks,2025-11-12 05:25:00,05:25,20.200000000000728,1.7999999999992724,-15.400000000001455,30.965540540540577,13.240540540540481,0.652338039232823,0.13594611145126226
fed-vice-chair-for-supervision-barr-speaks,2025-11-06 18:00:00,18:00,80.79999999999927,37.79999999999927,-79.59999999999854,87.65294117647034,35.75882352941182,0.9218173276961221,1.0570817568678839
fed-vice-chair-for-supervision-barr-speaks,2025-10-23 17:25:00,17:25,64.09999999999854,31.799999999999272,11.099999999998545,103.24864864864871,41.38175675675664,0.6208313700853214,0.7684545677197985
fed-vice-chair-for-supervision-barr-speaks,2025-10-22 23:00:00,23:00,49.0,13.899999999997817,-4.100000000002183,56.02442748091601,21.321374045801573,0.8746184870285593,0.6519279653430633
fed-vice-chair-for-supervision-barr-speaks,2025-10-16 16:00:00,16:00,29.900000000001455,-0.7999999999992724,-19.0,49.892700729927,19.532116788321233,0.5992860591342296,0.0409581822937703
fed-vice-chair-for-supervision-barr-speaks,2025-10-09 19:45:00,19:45,66.0,-35.900000000001455,-40.5,66.94714285714292,24.196428571428545,0.9858523782088205,1.4836900369004309
fed-vice-chair-for-supervision-barr-speaks,2025-10-08 16:30:00,16:30,89.09999999999854,52.900000000001455,136.90000000000146,150.29650349650365,59.888111888111915,0.5928281625132502,0.8833138720224434
fed-governor-jefferson-speaks,2026-03-27 02:00:00,02:00,35.89999999999782,-12.600000000002183,6.899999999997817,40.912676056337915,15.488732394366233,0.877478656017575,0.813494589433621
fed-governor-jefferson-speaks,2026-02-06 19:00:00,19:00,77.5,40.80000000000291,91.30000000000291,68.85119999999992,26.477599999999978,1.1256158207845337,1.5409251593801154
fed-governor-jefferson-speaks,2026-01-16 22:30:00,22:30,39.900000000001455,-3.1999999999970896,-24.69999999999709,65.959649122807,21.22543859649117,0.6049152857941016,0.15076249121778287
fed-governor-jefferson-speaks,2025-11-21 15:45:00,15:45,67.70000000000073,-13.5,-74.29999999999927,54.09256756756755,19.493918918918837,1.2515582647363892,0.6925236560257906
fed-governor-jefferson-speaks,2025-11-17 16:30:00,16:30,297.1000000000022,162.5,140.39999999999782,150.29650349650365,59.888111888111915,1.976759226517293,2.713393274170947
fed-governor-jefferson-speaks,2025-11-07 14:00:00,14:00,48.79999999999927,1.0,-88.0,52.60068493150683,26.292465753424636,0.9277445733557166,0.03803370932867901
fed-governor-jefferson-speaks,2025-10-03 20:40:00,20:40,118.20000000000073,-113.0,-29.0,64.28881118881137,24.79300699300708,1.8385780949169566,4.557736785694123
fed-governor-cook-speaks,2026-03-26 23:00:00,23:00,256.5,113.59999999999854,35.20000000000073,56.02442748091601,21.321374045801573,4.5783600392413355,5.327986824675013
fed-governor-cook-speaks,2026-02-24 16:35:00,16:35,268.1000000000022,205.0,271.1000000000022,136.52432432432425,51.96486486486481,1.9637526230352151,3.9449732147500955
fed-governor-cook-speaks,2026-02-05 01:30:00,01:30,59.5,-17.69999999999709,18.80000000000291,38.144897959183766,14.687755102040757,1.5598416350114992,1.2050854522715866
fed-governor-cook-speaks,2025-11-20 18:00:00,18:00,269.2000000000007,-153.0,-607.2000000000007,87.65294117647034,35.75882352941182,3.071203274948007,4.278664253989136
fed-governor-cook-speaks,2025-11-03 21:00:00,21:00,47.20000000000073,-16.5,-13.0,59.83305785123963,24.426446280991602,0.7888615707616359,0.6754973609419445
fed-collins-speaks,2026-04-14 20:00:00,20:00,47.70000000000073,10.0,44.0,64.80508474576308,26.498305084745418,0.7360533542565783,0.37738262760650354
fed-collins-speaks,2026-03-06 20:20:00,20:20,82.10000000000218,-39.0,-57.70000000000073,65.85281690140846,23.613380281690258,1.2467196372619593,1.651605976558997
fed-collins-speaks,2026-02-24 22:20:00,22:20,36.79999999999927,1.3000000000029104,1.6000000000021828,60.23687943262412,24.543971631205654,0.6109214213389098,0.05296616291513581
fed-collins-speaks,2026-02-24 16:00:00,16:00,52.10000000000218,-25.200000000000728,0.0,49.892700729927,19.532116788321233,1.0442409257823797,1.2901827422549752
fed-collins-speaks,2026-01-16 17:50:00,17:50,94.79999999999927,37.69999999999709,106.5,94.15374149659853,41.41088435374148,1.0068638642833339,0.9103886716824218
fed-collins-speaks,2025-11-21 16:00:00,16:00,79.39999999999782,0.2999999999992724,-66.70000000000073,49.892700729927,19.532116788321233,1.5914151536874317,0.015359318360140583
fed-collins-speaks,2025-11-12 23:00:00,23:00,34.29999999999927,22.400000000001455,1.7000000000007276,56.02442748091601,21.321374045801573,0.6122329409199785,1.0505889513444504
fed-collins-speaks,2025-10-14 22:30:00,22:30,215.20000000000073,-185.39999999999782,-183.39999999999782,65.959649122807,21.22543859649117,3.262600739420711,8.734801834938137
fed-logan-speaks,2026-04-02 18:00:00,18:00,107.69999999999709,6.400000000001455,-38.599999999998545,87.65294117647034,35.75882352941182,1.2287094825850318,0.17897680539566468
fed-logan-speaks,2026-02-20 20:15:00,20:15,132.79999999999927,-37.900000000001455,59.5,65.61773049645386,24.483687943262417,2.023843235589748,1.5479694108105566
fed-logan-speaks,2026-02-13 02:00:00,02:00,74.60000000000218,21.299999999999272,-92.0,40.912676056337915,15.488732394366233,1.823395758744206,1.375193234518455
fed-logan-speaks,2026-02-12 02:00:00,02:00,40.70000000000073,-4.899999999997817,30.0,40.912676056337915,15.488732394366233,0.9948017075186104,0.31635900700176794
fed-logan-speaks,2026-02-10 20:00:00,20:00,83.60000000000218,-38.39999999999782,-71.59999999999854,64.80508474576308,26.498305084745418,1.2900222309402642,1.4491492900088914
fed-logan-speaks,2025-11-21 16:00:00,16:00,79.39999999999782,0.2999999999992724,-66.70000000000073,49.892700729927,19.532116788321233,1.5914151536874317,0.015359318360140583
fed-logan-speaks,2025-11-19 02:55:00,02:55,54.20000000000073,-32.0,-2.399999999997817,47.39594594594596,18.05810810810832,1.143557722464589,1.77205717279052
fed-logan-speaks,2025-11-18 02:55:00,02:55,96.5,10.600000000002183,49.29999999999927,47.39594594594596,18.05810810810832,2.0360391184101725,0.5869939384869807
fed-logan-speaks,2025-11-14 21:30:00,21:30,57.79999999999927,0.2000000000007276,-62.79999999999927,55.700751879699006,22.18195488721805,1.037687967387481,0.009016337875431078
fed-logan-speaks,2025-10-31 16:30:00,16:30,107.29999999999927,-79.79999999999927,-91.29999999999927,150.29650349650365,59.888111888111915,0.7139221306136067,1.3324848201774744
fed-logan-speaks,2025-10-30 20:20:00,20:20,65.5,23.299999999999272,-18.200000000000728,65.85281690140846,23.613380281690258,0.994642341542706,0.9867286988159852
fed-logan-speaks,2025-10-08 20:15:00,20:15,23.700000000000728,16.100000000002183,40.0,65.61773049645386,24.483687943262417,0.36118286659246057,0.6575806731939944
fed-logan-speaks,2025-10-03 20:30:00,20:30,134.59999999999854,-17.5,11.5,67.52553191489363,27.06170212765953,1.9933200995683051,0.646670335718218
fed-logan-speaks,2025-10-02 17:30:00,17:30,68.80000000000291,-12.0,-34.69999999999709,103.4838983050848,41.258474576271276,0.6648377296066972,0.2908493375783089
fed-goolsbee-speaks,2026-04-14 19:10:00,19:10,47.79999999999927,27.600000000002183,23.400000000001455,70.21224489795901,26.39795918367369,0.6807929310545199,1.0455353691535334
fed-goolsbee-speaks,2026-04-14 17:15:00,17:15,49.20000000000073,28.5,11.0,105.88493150684914,40.76232876712326,0.464655350859043,0.6991749701745842
fed-goolsbee-speaks,2026-04-14 16:45:00,16:45,51.0,-26.799999999999272,37.5,129.5608333333331,58.23499999999986,0.3936374804628463,0.4602043444663748
fed-goolsbee-speaks,2026-04-07 19:35:00,19:35,64.40000000000146,16.100000000002183,23.80000000000291,68.52027027027029,24.499324324324483,0.9398678631298898,0.6571609807221125
fed-goolsbee-speaks,2026-03-31 19:00:00,19:00,125.5,70.0,328.8999999999978,68.85119999999992,26.477599999999978,1.8227714259155998,2.6437441459951074
fed-goolsbee-speaks,2026-03-06 16:50:00,16:50,160.10000000000218,90.5,128.5,120.88243243243232,56.047972972972865,1.3244273529116042,1.61468818941303
fed-goolsbee-speaks,2026-03-06 02:00:00,02:00,37.599999999998545,32.89999999999782,14.0,40.912676056337915,15.488732394366233,0.919030570090851,2.1241247612983902
fed-goolsbee-speaks,2026-02-24 15:00:00,15:00,32.70000000000073,10.399999999997817,60.5,49.89007092198587,19.690070921985424,0.6554410405856987,0.5281849944169296
fed-goolsbee-speaks,2026-02-19 17:30:00,17:30,92.39999999999782,61.0,14.5,103.4838983050848,41.258474576271276,0.8928925322042844,1.4784841326897369
fed-goolsbee-speaks,2025-12-17 02:00:00,02:00,49.900000000001455,-27.0,-11.5,40.912676056337915,15.488732394366233,1.219670889562143,1.7432026916431713
fed-goolsbee-speaks,2025-12-12 17:35:00,17:35,186.79999999999927,38.29999999999927,-172.79999999999927,101.93783783783798,38.512162162162156,1.832489328419536,0.9944910347731312
fed-goolsbee-speaks,2025-11-20 19:40:00,19:40,152.70000000000073,-97.5,-59.79999999999927,67.121768707483,27.771428571428558,2.2749698486860215,3.510802469135804
fed-goolsbee-speaks,2025-10-10 16:45:00,16:45,72.90000000000146,-12.100000000002183,-29.5,129.5608333333331,58.23499999999986,0.5626700456027857,0.20777882716583176
fed-goolsbee-speaks,2025-10-08 17:00:00,17:00,54.5,36.29999999999927,19.799999999999272,99.43205128205125,36.874358974358934,0.548113000760731,0.9844238926360984
fed-goolsbee-speaks,2025-10-03 15:30:00,15:30,40.099999999998545,-22.69999999999709,-4.69999999999709,50.02469135802478,19.175000000000274,0.8016041461006604,1.1838331160363371
fed-goolsbee-speaks,2025-10-02 21:30:00,21:30,12.5,1.5,14.299999999999272,55.700751879699006,22.18195488721805,0.224413487756811,0.06762253406548707
fed-schmid-speaks,2026-03-31 20:10:00,20:10,108.39999999999782,79.0,46.5,62.89510489510507,23.608391608391635,1.7235045585945792,3.3462677725118444
fed-schmid-speaks,2026-03-06 18:30:00,18:30,118.29999999999927,6.600000000002183,-29.5,80.64732824427472,31.748091603053407,1.4668805845827582,0.2078865111806412
fed-schmid-speaks,2026-02-25 18:00:00,18:00,27.0,4.099999999998545,21.5,87.65294117647034,35.75882352941182,0.30803301791826143,0.11465701595653092
fed-schmid-speaks,2026-02-11 17:00:00,17:00,276.2000000000007,-113.29999999999927,-57.900000000001455,99.43205128205125,36.874358974358934,2.777776345139712,3.072595786106652
fed-schmid-speaks,2026-01-15 20:30:00,20:30,31.400000000001455,-1.7999999999992724,-97.5,67.52553191489363,27.06170212765953,0.46500929514449,0.06651466310241838
fed-schmid-speaks,2025-11-14 17:05:00,17:05,164.79999999999927,22.0,187.79999999999927,103.96054421768696,37.28231292517024,1.5852167881587678,0.5900921448772896
fed-schmid-speaks,2025-10-15 21:30:00,21:30,63.60000000000218,35.20000000000073,51.70000000000073,55.700751879699006,22.18195488721805,1.1418158257066935,1.5868754660701294
