id,nome,suf,n,imp,hora,amp,ratio,abs15,abs60,corr_sinal_sur_m15
528,private-nonfarm-payrolls,,5,2,15:30,147.96000000000058,2.964912880916896,70.53999999999942,100.85999999999913,0.5316444566854374
8,average-hourly-earnings,,5,3,15:30,147.96000000000058,2.964912880916896,70.53999999999942,100.85999999999913,-0.26791497798918706
300,unemployment-rate,,5,3,15:30,147.96000000000058,2.964912880916896,70.53999999999942,100.85999999999913,-0.6067216876524937
1581,participation-rate,,5,2,15:30,147.96000000000058,2.964912880916896,70.53999999999942,100.85999999999913,
1777,average-hourly-earnings,,5,2,15:30,147.96000000000058,2.964912880916896,70.53999999999942,100.85999999999913,
1670,u6-unemployment-rate,,5,2,15:30,147.96000000000058,2.964912880916896,70.53999999999942,100.85999999999913,
227,nonfarm-payrolls,,5,3,15:30,147.96000000000058,2.964912880916896,70.53999999999942,100.85999999999913,0.5316444566854374
1692,fomc-press-conference,,5,3,21:30,144.96000000000132,2.6139351109107887,52.45999999999985,102.6200000000019,
733,cpi,,6,3,15:30,129.90000000000023,2.603015566579508,79.3166666666669,66.98333333333237,
736,core-cpi,,6,2,15:30,129.90000000000023,2.603015566579508,79.3166666666669,66.98333333333237,
56,core-cpi,,5,3,15:30,124.78000000000029,2.500417878350971,67.00000000000072,46.05999999999913,
69,cpi,,5,3,15:30,124.78000000000029,2.500417878350971,67.00000000000072,46.05999999999913,
63,core-retail-sales,,7,3,15:30,118.34285714285735,2.3714264768002464,48.928571428570386,75.00000000000053,0.36313830392375857
256,retail-sales,,7,3,15:30,118.34285714285735,2.3714264768002464,48.928571428570386,75.00000000000053,-0.2518330161639549
1506,retail-control,,7,2,15:30,118.34285714285735,2.3714264768002464,48.928571428570386,75.00000000000053,-0.12451605104169433
236,philadelphia-fed-manufacturing-ind,,7,3,15:30,88.05714285714203,1.7645428299126695,47.585714285714594,52.257142857141716,-0.7747903720599221
908,philly-fed-employment,,7,2,15:30,88.05714285714203,1.7645428299126695,47.585714285714594,52.257142857141716,
62,core-ppi,,6,2,15:30,84.58333333333333,1.694932512239027,46.783333333332244,59.93333333333309,-0.15283615260381322
238,ppi,,6,3,15:30,84.58333333333333,1.694932512239027,46.783333333332244,59.93333333333309,-0.4445880827596517
375,gdp,,6,3,15:30,79.29999999999927,1.5890618508833925,36.983333333333576,48.3166666666657,0.1879214424679125
343,gdp-price-index,,6,2,15:30,79.29999999999927,1.5890618508833925,36.983333333333576,48.3166666666657,-0.23647769798810564
1548,core-pce-prices,,6,2,15:30,79.29999999999927,1.5890618508833925,36.983333333333576,48.3166666666657,
168,interest-rate-decision,,5,3,21:00,94.82000000000043,1.5874900507753613,39.73999999999869,93.61999999999898,
398,fomc-statement,,5,3,21:00,94.82000000000043,1.5874900507753613,39.73999999999869,93.61999999999898,
369,federal-budget-balance,,7,2,21:00,94.78571428571429,1.5869160344252984,47.514285714285506,48.057142857142544,-0.17452973633000346
1997,fed-waller-speaks,,16,2,16:00,98.20625000000041,1.5385475909430788,40.86875000000032,60.13749999999936,
235,personal-spending,,6,2,15:30,87.41666666666606,1.4612103233096088,45.06666666666691,51.533333333332244,
906,pce-price-index,,6,2,15:30,87.41666666666606,1.4612103233096088,45.06666666666691,51.533333333332244,
61,core-pce-price-index,,6,3,15:30,87.41666666666606,1.4612103233096088,45.06666666666691,51.533333333332244,
905,core-pce-price-index,,6,3,15:30,87.41666666666606,1.4612103233096088,45.06666666666691,51.533333333332244,
904,pce-price-index,,6,2,15:30,87.41666666666606,1.4612103233096088,45.06666666666691,51.533333333332244,
1694,u.s.-president-trump-speaks,,26,3,02:00,75.48846153846185,1.4419602615330085,30.296153846153736,58.780769230768925,
1585,fomc-member-williams-speaks,,14,2,10:00,87.79285714285705,1.4060332046154238,50.54285714285678,100.89285714285741,
1673,opec-monthly-report,,5,2,13:00,63.779999999998836,1.3949661983410362,32.65999999999913,60.37999999999956,
59,core-durable-goods-orders,,7,2,15:30,68.9285714285704,1.3812328284115158,21.600000000000104,31.971428571427428,-0.19563267995691652
86,durable-goods-orders,,7,2,15:30,68.9285714285704,1.3812328284115158,21.600000000000104,31.971428571427428,0.10074686442857116
294,initial-jobless-claims,,26,3,15:30,67.6884615384609,1.3467551004382607,28.22692307692285,42.19999999999989,0.34838657321034067
522,continuing-jobless-claims,,25,2,15:30,65.45999999999941,1.3194104072907007,27.50799999999974,40.883999999999794,-0.0003294330996527638
1887,retail-inventories-ex-auto,,9,2,17:00,116.75555555555547,1.3060225395310103,47.411111111111595,68.98888888888865,
898,housing-starts,,4,2,15:30,65.07499999999982,1.3040126096625149,31.625,49.69999999999891,
151,housing-starts,,4,2,15:30,65.07499999999982,1.3040126096625149,31.625,49.69999999999891,
29,business-inventories,,7,2,17:00,130.9857142857145,1.295861835038727,56.92857142857195,84.78571428571429,-0.11046030729240008
45,construction-spending,,5,2,17:00,130.6,1.2920459042342702,45.1,95.18000000000029,-0.03581660844754816
1062,services-pmi,,14,3,16:45,164.2428571428575,1.2786275825353928,62.07857142857132,108.0428571428573,-0.7172907170233224
1492,s-p-global-composite-pmi,,14,2,16:45,164.2428571428575,1.2786275825353928,62.07857142857132,108.0428571428573,-0.8165419545863443
1983,20-year-bond-auction,,7,2,20:00,81.80000000000031,1.2678239305641636,28.65714285714213,63.72857142857174,
1674,iea-monthly-report,,7,2,11:00,58.142857142857146,1.256673216816888,24.81428571428582,51.72857142857174,
2295,adp-employment-change-weekly,,20,2,15:15,70.78999999999996,1.255022319895631,21.504999999999747,42.61000000000022,
25,building-permits,,6,2,15:30,62.399999999999636,1.254348255645804,26.70000000000012,59.96666666666594,-0.6543718987903779
2260,atlanta-fed-gdpnow,,20,2,18:30,98.59500000000025,1.232957070963776,35.30500000000065,58.26000000000003,0.47746631241457643
303,unit-labor-costs,,4,2,15:30,61.29999999999927,1.2283668532049394,37.100000000000364,57.20000000000073,
228,nonfarm-productivity,,4,2,15:30,61.29999999999927,1.2283668532049394,37.100000000000364,57.20000000000073,
900,michigan-consumer-expectations,,14,2,17:00,123.42857142857117,1.2210978574255165,36.85714285714338,111.30714285714281,0.30192011155835435
320,michigan-consumer-sentiment,,14,2,17:00,123.42857142857117,1.2210978574255165,36.85714285714338,111.30714285714281,-0.46699381919892213
1568,michigan-5-year-inflation-expectat,,14,2,17:00,123.42857142857117,1.2210978574255165,36.85714285714338,111.30714285714281,-0.0002490657372684855
389,michigan-1-year-inflation-expectat,,14,2,17:00,123.42857142857117,1.2210978574255165,36.85714285714338,111.30714285714281,0.17608737355960244
1652,baker-hughes-u.s.-rig-count,,31,2,20:00,76.62258064516126,1.1875787452752762,27.738709677419166,38.509677419355164,0.11834426701670846
1810,u.s.-baker-hughes-total-rig-count,,31,2,20:00,76.62258064516126,1.1875787452752762,27.738709677419166,38.509677419355164,
1049,ism-non-manufacturing-prices,,7,2,17:00,119.7857142857148,1.185058510939007,32.27142857142878,73.78571428571429,-0.6943361532825633
176,ism-non-manufacturing-pmi,,7,3,17:00,119.7857142857148,1.185058510939007,32.27142857142878,73.78571428571429,0.6936698308604358
1048,ism-non-manufacturing-employment,,7,2,17:00,119.7857142857148,1.185058510939007,32.27142857142878,73.78571428571429,-0.05708638893911741
323,ny-empire-state-manufacturing-inde,,7,2,15:30,57.92857142857091,1.160808107608027,22.42857142857195,47.1000000000001,-0.1802534925080692
1835,fomc-member-bowman-speaks,,23,2,17:00,91.85217391304388,1.1586428013828922,37.46521739130438,62.952173913043225,
1665,fomc-member-kashkari-speaks,,8,2,16:00,94.0,1.1492370864886385,29.125000000000455,62.350000000000364,
153,import-price-index,,6,2,15:30,56.499999999999396,1.1321815204906878,19.099999999999756,64.20000000000012,0.30382410841350693
892,export-price-index,,6,2,15:30,56.499999999999396,1.1321815204906878,19.099999999999756,64.20000000000012,0.20903934266543733
1057,jolts-job-openings,,5,3,17:00,112.91999999999898,1.1171349426196975,64.2,127.25999999999912,0.3530002641190405
1650,goods-trade-balance,,4,2,15:30,54.89999999999873,1.1001197429192562,15.5,31.524999999998727,
829,manufacturing-pmi,,15,3,16:45,141.22000000000043,1.0993950686609884,44.31999999999947,90.55333333333353,-0.01649659870154593
1712,fomc-member-bostic-speaks,,16,2,19:30,86.25000000000023,1.0787211215110515,23.25624999999991,65.13124999999991,
891,existing-home-sales,,7,2,17:00,108.28571428571377,1.0712872406580314,44.214285714285715,105.87142857142837,
99,existing-home-sales,,7,3,17:00,108.28571428571377,1.0712872406580314,44.214285714285715,105.87142857142837,-0.04271384744088629
572,30-year-bond-auction,,7,2,20:00,68.38571428571491,1.059914976529983,21.599999999998545,43.8142857142853,
1986,eia-short-term-energy-outlook,,6,2,19:00,73.18333333333369,1.055041584368219,28.26666666666703,41.383333333332,
38,chicago-pmi,,7,2,16:45,130.45714285714192,1.0156064263471423,68.29999999999927,57.64285714285662,0.09268722346555419
100,factory-orders,,7,2,17:00,101.90000000000093,1.0081123862287393,40.40000000000042,101.19999999999916,-0.4355835924047148
1959,cftc-nasdaq-100-speculative-positi,,26,2,22:30,67.04230769230777,0.9968020821523278,19.388461538461204,29.4653846153847,
1653,cftc-crude-oil-speculative-positio,,26,2,22:30,67.04230769230777,0.9968020821523278,19.388461538461204,29.4653846153847,
1619,cftc-s-p-500-speculative-positions,,26,2,22:30,67.04230769230777,0.9968020821523278,19.388461538461204,29.4653846153847,
1618,cftc-gold-speculative-positions,,26,2,22:30,67.04230769230777,0.9968020821523278,19.388461538461204,29.4653846153847,
174,ism-manufacturing-prices,,7,2,17:00,100.25714285714379,0.9918593476171728,46.985714285714494,75.80000000000031,0.06911933754684366
1046,ism-manufacturing-employment,,7,2,17:00,100.25714285714379,0.9918593476171728,46.985714285714494,75.80000000000031,0.8292410734292812
173,ism-manufacturing-pmi,,7,3,17:00,100.25714285714379,0.9918593476171728,46.985714285714494,75.80000000000031,0.7777082089440968
2108,fed-vice-chair-for-supervision-bar,,19,2,19:45,69.53684210526319,0.9728923123661565,27.163157894736575,54.784210526315675,
75,eia-crude-oil-inventories,,29,3,17:30,94.92413793103445,0.9722589600530565,35.72068965517271,65.16896551724118,0.11843964715951608
1657,eia-weekly-cushing-oil-inventories,,29,2,17:30,94.92413793103445,0.9722589600530565,35.72068965517271,65.16896551724118,
1763,imports,,7,2,15:30,47.64285714285662,0.9546966803631968,18.171428571428155,37.69999999999969,
1762,exports,,7,2,15:30,47.64285714285662,0.9546966803631968,18.171428571428155,37.69999999999969,
286,trade-balance,,7,2,15:30,47.64285714285662,0.9546966803631968,18.171428571428155,37.69999999999969,-0.7528305717191868
232,pending-home-sales,,7,2,17:00,93.11428571428509,0.9211939623494768,34.72857142857174,55.1857142857147,-0.464544033505003
283,tic-net-long-term-transactions,,6,2,23:00,50.833333333333336,0.9146396457335612,23.78333333333224,27.333333333332728,0.8302451173745584
1,adp-nonfarm-employment-change,,6,3,15:15,51.416666666666664,0.9120828957700663,21.61666666666618,77.40000000000025,-0.11984714662020912
1802,fomc-member-daly-speaks,,9,2,18:30,63.11111111111071,0.9111458403562886,17.066666666666507,41.277777777778184,
108,fomc-meeting-minutes,,5,3,21:00,53.679999999999566,0.8987182654041375,16.11999999999898,66.77999999999956,
1968,us-leading-index,,5,2,17:00,89.59999999999927,0.8964895926572127,5.140000000000145,52.44000000000087,
10,beige-book,,5,2,21:00,51.68000000000029,0.865233978317557,20.419999999998982,39.08000000000029,
48,cb-consumer-confidence,,7,3,17:00,85.2285714285707,0.8431793770139565,26.800000000000313,66.02857142857049,0.42979360034777936
682,7-year-note-auction,,7,2,20:00,55.84285714285683,0.8430715158643076,34.34285714285683,59.871428571428886,
1738,fed-chair-powell-speaks,,4,3,03:00,61.44999999999982,0.8409922340463769,34.00000000000091,21.725000000000364,
1755,industrial-production,,6,2,16:15,94.25,0.8169687276811599,26.850000000000364,95.01666666666704,
161,industrial-production,,6,2,16:15,94.25,0.8169687276811599,26.850000000000364,95.01666666666704,-0.5175669914091128
913,s-p-cs-hpi-composite-20-n.s.a.,,7,2,16:00,40.700000000001246,0.8122695127771522,19.0,67.74285714285621,
329,s-p-cs-hpi-composite-20-n.s.a.,,7,2,16:00,40.700000000001246,0.8122695127771522,19.0,67.74285714285621,0.2703066340682251
1764,wasde-report,,4,2,19:00,56.04999999999927,0.8080402751606143,9.275000000000546,47.12500000000091,
569,2-year-note-auction,,7,2,20:00,51.65714285714369,0.7717246715364829,28.328571428572364,19.7714285714293,
681,3-year-note-auction,,7,2,20:00,49.50000000000104,0.76164266401228,11.77142857142826,35.11428571428613,
571,10-year-note-auction,,7,2,20:00,45.871428571428886,0.7109644849880442,14.871428571428883,26.02857142857153,
570,5-year-note-auction,,7,2,20:00,36.07142857142805,0.5590735984412251,10.914285714285402,20.342857142856833,
