tipo,dia,t0,surp,rng20,m5,m15,m60,max_ext
NFP,20251120,15:30,66.0,131.79999999999927,51.5,62.900000000001455,73.5,129.70000000000073
NFP,20251216,15:30,13.0,139.20000000000073,56.0,-13.5,-54.400000000001455,90.70000000000073
NFP,20260109,15:30,-16.0,66.60000000000218,40.20000000000073,52.5,-27.399999999997817,63.30000000000291
NFP,20260211,15:30,64.0,174.29999999999927,110.20000000000073,90.09999999999854,166.79999999999927,174.29999999999927
NFP,20260306,15:30,-150.0,227.90000000000146,-45.0,-133.6999999999971,-182.1999999999971,227.29999999999927
CPI a/a,20251024,15:30,-0.10000000000000009,159.0,104.79999999999927,97.40000000000146,91.79999999999927,148.0
CPI a/a,20251218,15:30,-0.3999999999999999,155.5,68.0,140.89999999999782,171.59999999999854,156.0
CPI a/a,20260113,15:30,0.0,134.0,105.59999999999854,80.5,39.099999999998545,134.5
CPI a/a,20260213,15:30,-0.10000000000000009,122.20000000000073,81.79999999999927,74.79999999999927,42.70000000000073,121.79999999999927
CPI a/a,20260311,15:30,0.0,135.10000000000218,-54.20000000000073,-62.30000000000291,38.89999999999782,84.80000000000291
CPI a/a,20260410,15:30,-0.10000000000000009,73.59999999999854,-33.70000000000073,-20.0,-17.799999999999272,39.79999999999927
FOMC,20251029,21:00,0.0,78.5,-12.69999999999709,-27.599999999998545,-66.79999999999927,45.599999999998545
FOMC,20251210,21:00,0.0,132.79999999999927,38.0,79.19999999999709,208.6999999999971,124.19999999999709
FOMC,20260128,21:00,0.0,77.40000000000146,-17.299999999999272,-26.700000000000728,-9.399999999997817,52.29999999999927
FOMC,20260318,21:00,0.0,89.09999999999854,25.299999999999272,-7.399999999997817,-137.0,53.89999999999782
FOMC,20260429,21:00,0.0,96.30000000000291,-47.0,-57.79999999999927,46.20000000000073,90.60000000000218
Core PCE,20260430,15:30,0.0,71.09999999999854,-41.89999999999782,-53.89999999999782,-44.79999999999927,65.89999999999782
Core PCE,20260409,15:30,0.0,45.599999999998545,-9.400000000001455,3.0,44.599999999998545,27.599999999998545
Core PCE,20260313,15:30,0.0,99.29999999999927,6.600000000002183,6.600000000002183,-3.1999999999970896,80.60000000000218
Core PCE,20260220,15:30,0.10000000000000009,136.70000000000073,-80.0,-112.59999999999854,-142.90000000000146,133.20000000000073
Core PCE,20260122,17:00,0.0,71.79999999999927,-19.0,-26.700000000000728,26.099999999998545,42.5
Core PCE,20251205,17:00,-0.10000000000000009,100.0,21.600000000002183,67.60000000000218,-47.599999999998545,77.40000000000146
ISM ind.,20251103,17:00,-0.6999999999999957,71.5,-25.5,-10.900000000001455,-48.60000000000218,54.400000000001455
ISM ind.,20251201,17:00,-0.7999999999999972,59.80000000000291,-12.099999999998545,-7.099999999998545,51.599999999998545,32.900000000001455
ISM ind.,20260105,17:00,-0.3999999999999986,97.29999999999927,43.400000000001455,48.099999999998545,74.0,73.0
ISM ind.,20260202,17:00,4.100000000000001,176.90000000000146,47.70000000000073,126.60000000000218,92.29999999999927,163.10000000000218
ISM ind.,20260302,17:00,0.6999999999999957,142.40000000000146,28.30000000000291,71.20000000000073,63.900000000001455,86.90000000000146
ISM ind.,20260401,17:00,0.4000000000000057,100.40000000000146,30.30000000000291,47.80000000000291,143.20000000000073,91.90000000000146
Claims,20260430,15:30,24.0,71.09999999999854,-41.89999999999782,-53.89999999999782,-44.79999999999927,65.89999999999782
Claims,20260423,15:30,-3.0,82.79999999999927,3.7999999999992724,0.3999999999978172,-18.900000000001455,66.5
Claims,20260416,15:30,6.0,37.599999999998545,2.7999999999992724,-11.5,14.299999999999272,32.0
Claims,20260409,15:30,-9.0,45.599999999998545,-9.400000000001455,3.0,44.599999999998545,27.599999999998545
Claims,20260402,15:30,10.0,45.19999999999709,7.599999999998545,15.299999999999272,35.19999999999709,30.69999999999709
Claims,20260326,15:30,1.0,58.79999999999927,-40.599999999998545,-40.5,22.700000000000728,58.29999999999927
Claims,20260319,15:30,10.0,89.39999999999782,7.200000000000728,25.0,-47.79999999999927,52.89999999999782
Claims,20260312,15:30,1.0,40.5,-22.899999999997817,-18.5,-63.5,38.39999999999782
Claims,20260305,15:30,2.0,75.59999999999854,-31.5,-34.20000000000073,-68.70000000000073,63.599999999998545
Claims,20260226,15:30,5.0,29.099999999998545,3.2999999999992724,-9.700000000000728,-53.5,18.299999999999272
Claims,20260219,15:30,17.0,78.29999999999927,11.299999999999272,18.799999999999272,2.599999999998545,49.79999999999927
Claims,20260212,15:30,-5.0,85.39999999999782,25.600000000002183,68.0,2.600000000002183,76.0
Claims,20260205,15:30,-19.0,106.5,54.20000000000073,23.0,-21.799999999999272,74.0
Claims,20260129,15:30,-3.0,44.29999999999927,11.5,24.099999999998545,-40.5,29.299999999999272
Claims,20260122,15:30,9.0,54.400000000001455,-8.30000000000291,-12.30000000000291,25.799999999999272,29.599999999998545
Claims,20260115,15:30,17.0,61.099999999998545,4.200000000000728,23.700000000000728,55.79999999999927,46.79999999999927
Claims,20260108,15:30,5.0,31.700000000000728,-12.200000000000728,-5.700000000000728,-18.900000000001455,18.400000000001455
Claims,20251231,15:30,20.0,73.39999999999782,2.5,28.399999999997817,33.29999999999927,68.39999999999782
Claims,20251224,15:30,10.0,23.100000000002183,-3.2000000000007276,8.299999999999272,-17.0,18.900000000001455
Claims,20251218,15:30,-0.0,155.5,68.0,140.89999999999782,171.59999999999854,156.0
Claims,20251211,15:30,-16.0,46.20000000000073,-23.299999999999272,-28.799999999999272,-27.599999999998545,39.29999999999927
Claims,20251204,15:30,28.0,47.20000000000073,-6.69999999999709,-13.299999999999272,56.900000000001455,35.29999999999927
Claims,20251126,15:30,10.0,37.5,-7.5,-2.7999999999992724,25.200000000000728,23.200000000000728
Claims,20251120,15:30,8.0,131.79999999999927,51.5,62.900000000001455,73.5,129.70000000000073
