data,hora_brt,sessao,vies_dia,tipo_dia(normal/evento),evento,setup,nivel_liquidez,lado,entrada,stop,alvo,risco_usd,resultado_R,resultado_usd,seguiu_plano(s/n),brent,juros10y,es,observacoes,print,saldo_antes_usd,saldo_depois_usd,ganho_usd,perda_usd,status
2026-09-30,23:05,NY (fim),neutro->baixa leve,normal,Sem evento; antes de Claims/PMI/ISM de 01/10,"TESTE DE ACEITACAO (sem gatilho M5, gate bloqueado)",oferta LuxAlgo 30561-30586 / topo 30655-30820,venda,30583.1,30660,30505,7.69,-1.02,-7.85,n,Brent ~98,"US10Y 5,29%",ES ~7740,"Trade id 1 no banco. Entrada a mercado, stop colocado depois (licao: usar ticket Shift+T). R:R 1,0 | Saida 01/10 00:54 BRT a 30661,6 (stop 30660 + 1,6 pts de derrapagem). Preco subiu para ~30707 (liquidez do topo) sem pavio de rejeicao: a entrada sem gatilho custou. Sem tomar a liquidez acima, stop ficou abaixo do topo semanal.",,40159.27,40151.42,0.00,7.85,FECHADO (stop)
2026-10-01,02:35,Londres (pre),neutro,evento,"Claims 09:30, PMI 10:45, ISM 11:00, NY 10:30","venda de recuo na liquidez do topo, ordem limite planejada antes (posicionado)",topo semanal 30820 / zona 30655-30820,venda,30790.9,30845,30590 (POC),5.41,-1.01,-5.47,s,~97,"5,28%",~7751,"Trade 2 no banco. R:R 3,7. Futuros NQ +0,99%; gate LIBERADO. Preco foi a 30830,9 e voltou. | Saida 01/10 02:59 BRT a 30845,6 (stop). Preco rompeu o topo semanal 30820 e foi a 30884: a rejeicao na liquidez NAO veio, rompimento com ES e futuros NQ subindo (+1,3%). Venda contra rompimento forte, stop acima da liquidez foi atingido.",,40151.42,40145.95,0.00,5.47,FECHADO (stop)
2026-10-01,03:40,Londres (pre),alta,evento,Londres 04:00; Claims 09:30; PMI 10:45; ISM 11:00; NY 10:30,"compra no reteste do topo semanal rompido, ordem limite planejada antes",topo semanal 30820 (vira suporte),compra,30819.7,30785,30930,3.47,-1.02,-3.55,s,~97,"5,28%",~7765,"Trade 3 no banco. R:R 3,2. Apos 2 vendas paradas. Minima do reteste 30789,3 (4 pts do stop). | Saida 01/10 03:59 BRT a 30784,2 (stop 30785). O reteste nao segurou: 30820 virou ruido, preco foi a 30766. 3o stop seguido no dia.",,40145.95,40142.40,0.00,3.55,FECHADO (stop)
2026-10-01,09:34,pre-NY,baixa,evento,,ACIDENTE: clique no X da etiqueta Buy Limit converteu a limite em compra a mercado (nao e trade de analise),,compra,30612.6,30435,30630,17.76,,+1.39,n,,,,"Fechado em 30626,5 (+13,9 pts). Licao: para cancelar ordem usar a aba Paper Trading > Ordens; NUNCA o X da etiqueta no grafico (pode converter em ordem a mercado).",,40142.40,40143.79,1.39,0.00,FECHADO (manual) - ACIDENTE
2026-10-01,09:54,pre-NY,baixa,evento,"NY 10:30, PMI 10:45, ISM 11:00","venda A MERCADO na direcao do vies antecipado (pedido da usuaria), mercado em queda",topo 30633 (stop) / minima 30511 (alvo),venda,30584.6,30640,30500,5.54,+1.59,+8.78,s,~100,"5,285%",~7737,"Trade 5 no banco. R:R 1,5. Experimento ordem a mercado. | ALVO atingido 01/10 10:31 BRT a 30496,8 (alvo 30500). +87,8 pts. Venda a mercado na direcao do vies antecipado de baixa, estrategia do calendario; preco varreu a minima 30511 e chegou a demanda 30478-30506.",,40143.79,40152.57,8.78,0.00,FECHADO (alvo)
2026-10-01,10:56,NY,alta fraca (ISM),evento,"ISM industrial 11:00 (prev 54,8; precos pagos 72,9)",compra a mercado 5 min antes do ISM apos varredura+rejeicao na demanda (vela 10:50 +76),demanda 30478-30439 (minima 30457),compra,30511.1,30445,30640,6.61,-1.43,-9.45,s,~100,"5,319% (maior desde 2002)",~7729,"Trade 6. Estrategia do calendario (5 min antes). R:R 1,46. Sugestao da usuaria: 'velona de compra'. | Stop 30445 executado a 30416,6 (derrapagem -28 pts) 10:58/10:59 BRT, ANTES do ISM: o preco continuou caindo (minima 30421). A compra apos a vela de rejeicao era contra o vies macro de baixa; a rejeicao nao segurou. Perda -US 9,45 (prevista -6,61).",,40152.57,40143.12,0.00,9.45,FECHADO (stop com derrapagem)
2026-10-01,11:51,NY,baixa (macro),evento,Jefferson 14:30,COMPRA TATICA pedida pela usuaria: preco precisa respirar antes de continuar caindo no macro (nao inverte o vies),"POC 30346 / varredura 30313,8",compra,30415.7,30300,30559,11.57,,,s,~101,"5,32%",~7698,"Trade 7. Alvo Fibo 38,2%. R:R ~1,2 (abaixo de 1,3, aceito pela usuaria na demo). Stop/alvo no corretor. | Fechado no stop 30299,7 (-US$ 11,60), sem derrapagem. A tese do respiro falhou: POC 30346 quebrou, Brent em novas maximas.",,40143.12,40131.52,0.00,11.60,FECHADO (stop)
2026-10-01,14:28,NY,baixa,evento,Jefferson (Fed) 14:30,"venda por noticia (regra da demo: sempre entrar), na Fibo 38,2% apos rally","Fibo 38,2% 30559 / 50% 30625",venda,30543.9,30655,30420,11.11,,,s,~101,"5,21%",~7690,"Trade 8. Entrada atrasada (relogio do PC atrasado vs TV). Fluxo contra (juros caindo, IA forte); confianca 5/10. R:R 1,16. | Fechado 15:41 a 30.567,8 (-US$ 2,39) por tese virada: Jefferson nao endossou alta iminente. MFE ~+57 pts, devolveu tudo. Erro de leitura: eu nao li a fala antes de agir (so olhei preco).",,40131.52,40129.13,0.00,2.39,FECHADO (invalidacao)
2026-10-01,15:55,NY,neutro/alta fraca,evento,Bowman (FOMC) 16:00,"compra por noticia (regra da demo), leitura: ala mais branda + Jefferson brando",Fibo 50% 30625,compra,30572.3,30490,30650,8.23,,,s,"102,4","5,24%",~7727,"Trade 9. Entrada no T-5 pelo relogio do TV. Confianca 5/10. R:R 0,89 (aviso). | Fechado 16:58 a ~30.536,9 (-US$ 3,54) por tese enfraquecida (Alphabet/Gemini 4 decepcionou, CNBC 16:46). Bowman falou de regulacao bancaria: evento neutro, viés sem base de tema (pesquisa so depois da entrada).",,40129.13,40125.59,0.00,3.54,FECHADO (invalidacao)
2026-10-01,17:21,NY,neutro/baixa fraca,evento,Balanco do Fed 17:30 (3*) + reservas (1*),venda leve; confluencia neutra; sem edge estatistico,Fibo 50% 30625 / maxima 16:45 30609,venda,30555.6,30640,30440,8.44,,,s,"102,3","5,23%",~7730,"Trade 10. Entrada T-9 (TV). Conf 4/10. R:R 1,46. Dado plano (var. semanal media 8,5B). | Fechado 17:54 TV a ~30.526,8 (+US$ 2,88) por regra fim de dia (antes das 18h). Dado plano; ganho pequeno por deriva a favor. Foi o 1o trade do dia no lucro desde o ISM.",,40125.59,40128.47,2.88,0.00,FECHADO (fim do dia)
2026-10-01,19:40,NY-noite,baixa fraca,evento,Logan (Fed) 19:45,venda na rejeicao da maxima da sessao (janela de entrada 10 min),"max sessao 30.565,7 / MEIO dia 30.594,6",venda,30557,30610,30425,5.3,,,s,~98-100,"5,3%",~7700,"Trade 11. Primeiro trade com protocolo de tema + janela de entrada + painel. Conf 5/10; tema do evento nao confirmado. R:R 2,47. | FECHADO 21:18 TV no stop 30.631,3 (-US$ 7,43): a usuaria afastou o stop de 30.610 para 30.631,1 as ~20:00 (risco 5,3 -> 7,4); no stop original teria sido -US$ 5,3. MFE ~6 pts (nunca andou a favor). Logan duro (2 altas de 25pb, 19:28 ET) mas sem reacao; Ásia abriu em alta e o preco subiu ~50 pts em 25 min.",,40128.47,40121.04,0.00,7.43,FECHADO (stop)
