fonte,titulo,publicado_utc,visto_utc
fed_press,"Minutes of the Federal Open Market Committee, September 15-16, 2026",2026-10-07T18:00:00+00:00,2026-10-08T01:00:15+00:00
fed_press,Federal Reserve Board announces approval of application by Isabella Bank Corporation,2026-10-05T20:30:00+00:00,2026-10-08T01:00:15+00:00
fed_press,Federal Reserve Board announces approval of application by Fleur Capital Corporation,2026-10-02T20:45:00+00:00,2026-10-08T01:00:15+00:00
fed_press,"Federal Reserve Board announces it will extend, until November 4, the comment period on its proposal to modernize Regulation O",2026-10-02T20:00:00+00:00,2026-10-08T01:00:15+00:00
fed_press,"Federal Reserve Board issues enforcement action with Ontario Bancorporation, Inc.",2026-10-02T15:00:00+00:00,2026-10-08T01:00:15+00:00
fed_press,Federal Reserve Board finalizes changes to enhance the transparency and public accountability of its stress test and reduce volatility in its stress test-related capital requirements,2026-09-30T13:00:00+00:00,2026-10-08T01:00:15+00:00
fed_press,Agencies publish resolution plan feedback letters for 15 banking organizations,2026-09-29T20:00:00+00:00,2026-10-08T01:00:15+00:00
fed_press,Federal Reserve Board announces approval of application by Peoples Bancorp Inc.,2026-09-25T20:30:00+00:00,2026-10-08T01:00:15+00:00
fed_press,Federal Reserve Board requests public comment on two proposals related to establishing a regulatory framework for Board-supervised payment stablecoin issuers under the GENIUS Act,2026-09-24T18:30:00+00:00,2026-10-08T01:00:15+00:00
fed_press,Federal Reserve Board issues enforcement action with former employee of Sandy Spring Bank,2026-09-24T15:00:00+00:00,2026-10-08T01:00:15+00:00
fed_press,Federal Reserve Board announces approval of application by BancFirst Corporation,2026-09-22T20:30:00+00:00,2026-10-08T01:00:15+00:00
fed_press,Federal Reserve Board announces termination of enforcement action with SNB Bancshares and Bank of Eufaula,2026-09-18T15:00:00+00:00,2026-10-08T01:00:15+00:00
fed_press,"Federal Reserve Board issues enforcement actions with former employee of Northstar Bank, former employee of American Express Travel Related Services Company, Inc., and former employee of Regions Bank",2026-09-18T15:00:00+00:00,2026-10-08T01:00:15+00:00
fed_press,Federal Reserve issues FOMC statement,2026-09-16T18:00:00+00:00,2026-10-08T01:00:15+00:00
fed_press,Federal Reserve Board and Federal Open Market Committee release economic projections from the September 15-16 FOMC meeting,2026-09-16T18:00:00+00:00,2026-10-08T01:00:15+00:00
fed_press,Agencies seek comment on proposed third-party risk management guidance and issue statement on community bank engagement with core service providers,2026-09-11T14:00:00+00:00,2026-10-08T01:00:15+00:00
fed_press,"Agencies reduce regulatory burden for community banks, increase eligibility for 18-month exam cycle",2026-09-10T20:00:00+00:00,2026-10-08T01:00:15+00:00
fed_press,"Federal Reserve Board announces termination of enforcement actions with United Texas Bank, Quontic Bank Acquisition Corp., and Quontic Bank Holdings Corp.",2026-09-04T15:00:00+00:00,2026-10-08T01:00:15+00:00
fed_press,Federal Reserve Board issues enforcement action with former employee of Banco Popular de Puerto Rico,2026-08-27T15:00:00+00:00,2026-10-08T01:00:15+00:00
fed_press,"Minutes of the Board's discount rate meetings on July 20 and July 29, 2026",2026-08-25T18:00:00+00:00,2026-10-08T01:00:15+00:00
cnbc_mercados,Inflation fears on the rise as one-year outlook in Fed survey hits highest level since May 2023,2026-10-07T18:44:36+00:00,2026-10-08T01:00:15+00:00
cnbc_mercados,ICE came to town and left behind weakened economies,2026-10-07T12:24:32+00:00,2026-10-08T01:00:15+00:00
cnbc_mercados,"Why AI is both the hope and the hazard for world leaders, according to IMF chief Georgieva",2026-10-07T06:16:39+00:00,2026-10-08T01:00:15+00:00
cnbc_mercados,India’s central bank hikes rates for the first time since 2023 as inflation risks build,2026-10-07T11:55:36+00:00,2026-10-08T01:00:15+00:00
cnbc_mercados,"Trade deficit hits $105.6 billion, widest since just before Trump tariffs enacted last year",2026-10-06T15:52:22+00:00,2026-10-08T01:00:15+00:00
cnbc_mercados,World Bank warns of AI concentration risks as it lifts East Asia and Pacific growth outlook to 4.5%,2026-10-07T03:00:22+00:00,2026-10-08T01:00:15+00:00
cnbc_mercados,"The 2029 tipping point: Western populations are about to start shrinking, piling pressure on public finances",2026-10-05T05:00:01+00:00,2026-10-08T01:00:15+00:00
cnbc_mercados,Men are losing ground in the labor market. Here's why,2026-10-02T17:38:59+00:00,2026-10-08T01:00:15+00:00
cnbc_mercados,"Labor market faltered in September as jobs increased by just 29,000, unemployment rate rose to 4.2%",2026-10-02T13:45:58+00:00,2026-10-08T01:00:15+00:00
cnbc_mercados,The September jobs report will be released Friday. Here's what to expect,2026-10-01T18:55:02+00:00,2026-10-08T01:00:15+00:00
cnbc_mercados,"Fed’s preferred gauge showed core inflation at 3.0% in August, much lighter than expected",2026-09-30T15:14:57+00:00,2026-10-08T01:00:15+00:00
cnbc_mercados,"Private sector jobs rose by 90,000 in September, better than expected, ADP reports",2026-09-30T14:42:04+00:00,2026-10-08T01:00:15+00:00
cnbc_mercados,The Fed's main inflation measure will be released Wednesday. Here's what to expect,2026-09-29T20:51:43+00:00,2026-10-08T01:00:15+00:00
cnbc_mercados,Consumer optimism slides to lowest since 2014 as fears escalate over rising prices and jobs,2026-09-29T16:52:00+00:00,2026-10-08T01:00:15+00:00
cnbc_mercados,America's Canadian import restrictions come into force. Here are the products barred from entry,2026-09-29T15:57:43+00:00,2026-10-08T01:00:15+00:00
cnbc_mercados,Australia says more hikes not off the table after raising rates to 15-year high,2026-09-29T05:00:58+00:00,2026-10-08T01:00:15+00:00
cnbc_mercados,"China posts weakest industrial profit growth this year, expanding 4.2% in August",2026-09-28T04:04:16+00:00,2026-10-08T01:00:15+00:00
cnbc_mercados,"China saw 'surprise' jump in U.S. orders ahead of Trump-Xi summit, private survey shows",2026-09-25T10:25:01+00:00,2026-10-08T01:00:15+00:00
cnbc_mercados,Surging Treasury yields pose a brand new problem for Kevin Warsh and the Fed,2026-09-25T11:08:05+00:00,2026-10-08T01:00:15+00:00
cnbc_mercados,Global debt tops $365 trillion as economists sound alarm over 'vicious cycle',2026-09-24T08:13:01+00:00,2026-10-08T01:00:15+00:00
cnbc_mercados,Switzerland is keeping rates at 0% — for now,2026-09-24T11:34:56+00:00,2026-10-08T01:00:15+00:00
cnbc_mercados,France's fresh budget battle threatens to topple another government,2026-09-24T06:21:00+00:00,2026-10-08T01:00:15+00:00
cnbc_mercados,"World heads into food crises 'blind' as U.S. aid cuts squeeze UN food agency, experts warn",2026-09-24T04:02:26+00:00,2026-10-08T01:00:15+00:00
cnbc_mercados,Here's what happens to the economy when Treasury yields soar like they are now,2026-09-25T13:48:19+00:00,2026-10-08T01:00:15+00:00
cnbc_mercados,"France’s wine production nears a 70-year low, leaving winemakers with tough choices",2026-09-20T05:00:01+00:00,2026-10-08T01:00:15+00:00
cnbc_mercados,Consumer sentiment is in the dumps despite a solid economy. Goldman Sachs blames 'lower happiness',2026-09-19T12:50:49+00:00,2026-10-08T01:00:15+00:00
cnbc_mercados,Why Japan’s markets flipped the usual script after central bank rate hike,2026-09-21T01:02:25+00:00,2026-10-08T01:00:15+00:00
cnbc_mercados,"Bank of England defies Fed’s rate-hike lead, leaving rates unchanged",2026-09-17T12:27:10+00:00,2026-10-08T01:00:15+00:00
cnbc_mercados,'Science fiction': Transport companies — the backbone of economy — are sounding alarm on fuel prices,2026-09-16T20:22:24+00:00,2026-10-08T01:00:15+00:00
cnbc_mercados,"Consumers hit by one-two punch of oil and rates from Iran war. The estimated bill is $1,700 per household",2026-09-16T17:32:22+00:00,2026-10-08T01:00:15+00:00
marketwatch,Rising yields are quietly crashing the stock market’s earlier winners of 2026,2026-10-07T22:32:00+00:00,2026-10-08T01:00:15+00:00
marketwatch,"Higher yields are taking their toll on all areas of the stock market, except the one that matters",2026-10-07T20:58:00+00:00,2026-10-08T01:00:15+00:00
marketwatch,Options traders are betting on a dramatic drop in interest rates,2026-10-07T20:36:00+00:00,2026-10-08T01:00:15+00:00
marketwatch,Fed’s minutes show no appetite for a series of interest-rate hikes,2026-10-07T19:35:00+00:00,2026-10-08T01:00:15+00:00
marketwatch,Microsoft and Nvidia are teaming up on a supercharged AI laptop,2026-10-07T19:12:00+00:00,2026-10-08T01:00:15+00:00
marketwatch,Stocks are increasingly their own best hedge. This chart shows why.,2026-10-07T18:31:00+00:00,2026-10-08T01:00:15+00:00
marketwatch,SpaceX may chase ‘stunning’ AI returns by taking on a lot of debt to buy Nvidia chips,2026-10-07T18:22:00+00:00,2026-10-08T01:00:15+00:00
marketwatch,‘He grew up wealthy’: My husband inherited $3 million. He wants a vacation home. I want to save for retirement. Who’s right?,2026-10-07T17:45:00+00:00,2026-10-08T01:00:15+00:00
marketwatch,Washington and Wall Street chose to delay paying their bills — and to put them on your tab,2026-10-07T17:36:00+00:00,2026-10-08T01:00:15+00:00
marketwatch,The ‘Magnificent Seven’ are now big enough to move the economy. Why that could be a problem.,2026-10-07T17:32:00+00:00,2026-10-08T01:00:15+00:00
gnews_fed,"Fed policymakers divided over rate-hike logic in September, minutes show - Reuters",2026-10-07T21:33:30+00:00,2026-10-08T01:00:15+00:00
gnews_fed,"Fed officials see another hike coming, but no sign as to when, minutes show - CNBC",2026-10-07T18:00:37+00:00,2026-10-08T01:00:15+00:00
gnews_fed,"Federal Reserve officials expect another rate hike will be needed this year, according to minutes - ABC News - Breaking News, Latest News and Videos",2026-10-07T18:37:29+00:00,2026-10-08T01:00:15+00:00
gnews_fed,"Fed officials view another rate hike as ‘likely,’ meeting minutes show - The Hill",2026-10-07T22:18:00+00:00,2026-10-08T01:00:15+00:00
gnews_fed,"Week Ahead for FX, Bonds: Fed Minutes in Focus as Near-Term Rate-Hike Prospects Dim - WSJ",2026-10-07T21:36:20+00:00,2026-10-08T01:00:15+00:00
gnews_fed,Most Fed Officials See Another Rate Hike This Year but Leave Timing Open - Barron's,2026-10-07T19:03:00+00:00,2026-10-08T01:00:15+00:00
gnews_fed,Fed’s minutes show no appetite for a series of interest-rate hikes - MarketWatch,2026-10-07T19:35:00+00:00,2026-10-08T01:00:15+00:00
gnews_fed,"Minneapolis 2040 Plan indicators point to stable rents, stalled development - Federal Reserve Bank of Minneapolis",2026-10-07T20:15:00+00:00,2026-10-08T01:00:15+00:00
gnews_fed,Ticker: Fed minutes: Another rate hike likely - Boston Herald,2026-10-07T21:07:23+00:00,2026-10-08T01:00:15+00:00
gnews_fed,"Fed officials feared inflation pressures could spread, minutes show - Axios",2026-10-07T19:34:47+00:00,2026-10-08T01:00:15+00:00
gnews_fed,Federal Reserve signals higher rates as experts weigh market impact - Fox Business,2026-10-07T19:25:55+00:00,2026-10-08T01:00:15+00:00
gnews_fed,Fed Minutes Show Hawkish Unity Behind September Rate Hike - Bloomberg.com,2026-10-07T18:00:01+00:00,2026-10-08T01:00:15+00:00
gnews_fed,The Federal Reserve Is Raising Interest Rates. Here's What History Says That Means for Investors. - Yahoo Finance,2026-10-07T19:57:00+00:00,2026-10-08T01:00:15+00:00
gnews_fed,All Fed officials backed vote to hike benchmark rate: FOMC minutes - CFO Dive,2026-10-07T20:51:42+00:00,2026-10-08T01:00:15+00:00
gnews_fed,inflation-trump-federal-reserve-warsh: Latest Updates - Audacy,2026-10-07T21:52:54+00:00,2026-10-08T01:00:15+00:00
gnews_fed,Fed minutes show some officials want to prepare for market stress - Reuters,2026-10-07T21:34:27+00:00,2026-10-08T01:00:15+00:00
gnews_fed,"Fed Minutes Signal Further Rate Increase This Year, but No Urgency for October Hike - WSJ",2026-10-07T18:24:00+00:00,2026-10-08T01:00:15+00:00
gnews_fed,"Fed minutes could detail rate-hike decision, policy path - Reuters",2026-10-07T11:14:31+00:00,2026-10-08T01:00:15+00:00
gnews_fed,"Wall Street ends lower, off record highs, as Treasury yields climb - Reuters",2026-10-07T23:14:17+00:00,2026-10-08T01:00:15+00:00
gnews_fed,"Data center boom is pushing prices higher, according to Fed officials - The Washington Post",2026-10-08T00:30:47+00:00,2026-10-08T01:00:15+00:00
gnews_fed,Hawkish Fed triggers emerging market outflows in September - Reuters,2026-10-07T15:13:39+00:00,2026-10-08T01:00:15+00:00
gnews_fed,FOMC minutes show another rate increase possible - ABA Banking Journal,2026-10-07T19:05:19+00:00,2026-10-08T01:00:15+00:00
gnews_fed,Fed Telegraphs Another Interest Rate Hike This Year | Economy | U.S. News - U.S. News & World Report,2026-10-07T21:02:01+00:00,2026-10-08T01:00:15+00:00
gnews_fed,Fed Sees Higher Rates Ahead Even as Borrowing Costs Climb - Bloomberg.com,2026-10-07T23:45:27+00:00,2026-10-08T01:00:15+00:00
gnews_fed,Fed consolidates bank supervision structure - Banking Dive,2026-10-07T16:47:07+00:00,2026-10-08T01:00:15+00:00
gnews_fed,"Fed policymakers saw multiple 2026 rate hikes as likely, September FOMC minutes show - Scotsman Guide",2026-10-07T21:27:48+00:00,2026-10-08T01:00:15+00:00
gnews_fed,"Federal Reserve officials expect another rate hike will be needed this year, according to minutes - Bozeman Daily Chronicle",2026-10-07T18:05:48+00:00,2026-10-08T01:00:15+00:00
gnews_fed,Trump says Federal Reserve Board would like to see the country do badly - The State,2026-10-07T19:16:09+00:00,2026-10-08T01:00:15+00:00
gnews_fed,Fed minutes: Another rate hike likely coming this year to combat persistent inflation - San Bernardino Sun,2026-10-07T18:20:24+00:00,2026-10-08T01:00:15+00:00
gnews_fed,Dollar edges back from 18-month high after FOMC minutes - The Mighty 790 KFGO,2026-10-08T00:59:35+00:00,2026-10-08T01:00:15+00:00
gnews_fed,The Federal Reserve Is Raising Interest Rates. Here's What History Says That Means for Investors. - The Motley Fool,2026-10-07T19:45:39+00:00,2026-10-08T01:00:15+00:00
gnews_fed,Richmond Fed president speak at Rowan Chamber breakfast - Salisbury Post,2026-10-07T23:02:29+00:00,2026-10-08T01:00:15+00:00
gnews_fed,FILE PHOTO: Fed Reserve Chairman Kevin Warsh holds a press conference in Washington - The Lufkin Daily News,2026-10-07T20:13:13+00:00,2026-10-08T01:00:15+00:00
gnews_fed,Want to know what the bond market is thinking? Check out the yield curve - Marketplace.org,2026-10-07T22:25:00+00:00,2026-10-08T01:00:15+00:00
gnews_fed,Fed Minutes Show Officials Saw More Work to Do to Quell Inflation - The New York Times,2026-10-07T19:18:48+00:00,2026-10-08T01:00:15+00:00
gnews_fed,Federal Reserve Leaves Door Open for Year-End Rate Hike - 조선일보,2026-10-07T23:31:05+00:00,2026-10-08T01:00:15+00:00
gnews_fed,"Fed Policymakers Think Another Interest Rate Hike Is Likely This Year, Minutes Show - Realtor.com",2026-10-07T18:32:45+00:00,2026-10-08T01:00:15+00:00
gnews_fed,Fed minutes: Another rate hike likely coming this year to combat persistent inflation - Colorado Hometown Weekly,2026-10-07T18:23:58+00:00,2026-10-08T01:00:15+00:00
gnews_fed,"PRUDENTIAL REGULATION—Fed announces plans to restructure supervision, update community bank regulations - VitalLaw.com",2026-10-07T22:55:00+00:00,2026-10-08T01:00:15+00:00
gnews_fed,"Federal Reserve officials expect another rate hike will be needed this year, according to minutes - Times Union",2026-10-07T18:15:51+00:00,2026-10-08T01:00:15+00:00
gnews_fed,Trump says Federal Reserve Board would like to see the country do badly By Reuters - Investing.com,2026-10-07T19:27:16+00:00,2026-10-08T01:00:15+00:00
gnews_fed,"Federal Reserve officials expect another rate hike will be needed this year, according to minutes - The Press-Enterprise",2026-10-07T18:19:07+00:00,2026-10-08T01:00:15+00:00
gnews_fed,SF Fed president: AI demand could extend energy shock - Axios,2026-10-07T08:45:58+00:00,2026-10-08T01:00:15+00:00
gnews_fed,Trump says Federal Reserve Board would like to see the country do badly - The Lufkin Daily News,2026-10-07T19:03:45+00:00,2026-10-08T01:00:15+00:00
gnews_fed,Fed minutes show some officials want to prepare for market stress - Lexington Herald Leader,2026-10-07T20:14:00+00:00,2026-10-08T01:00:15+00:00
gnews_fed,Fed minutes: Another rate hike likely coming this year to combat persistent inflation - Chico Enterprise-Record,2026-10-07T18:20:35+00:00,2026-10-08T01:00:15+00:00
gnews_fed,Fed minutes show some officials want to prepare for market stress - Wichita Eagle,2026-10-07T20:28:10+00:00,2026-10-08T01:00:15+00:00
gnews_fed,"Federal Reserve officials expect another rate hike will be needed this year, according to minutes - Norwalk Hour",2026-10-07T18:12:55+00:00,2026-10-08T01:00:15+00:00
gnews_fed,Fed minutes: Another rate hike likely coming this year to combat persistent inflation - Longmont Times-Call,2026-10-07T18:21:03+00:00,2026-10-08T01:00:15+00:00
gnews_fed,"Federal Reserve officials expect another rate hike will be needed this year, according to minutes - Inland Valley Daily Bulletin",2026-10-07T18:19:22+00:00,2026-10-08T01:00:15+00:00
gnews_fed,Fed minutes: Another rate hike likely coming this year to combat persistent inflation - Greeley Tribune,2026-10-07T18:20:13+00:00,2026-10-08T01:00:15+00:00
gnews_fed,"Why the greenback has defied Trump tariffs, traders and the Fed - AFR",2026-10-08T01:00:00+00:00,2026-10-08T01:00:15+00:00
gnews_fed,Trump says Federal Reserve Board would like to see the country do badly - Myrtle Beach Sun News,2026-10-07T19:16:09+00:00,2026-10-08T01:00:15+00:00
gnews_fed,Fed minutes show most officials expected another rate hike before year's end - KGUN 9,2026-10-07T20:38:50+00:00,2026-10-08T01:00:15+00:00
gnews_fed,"Federal Reserve officials expect another rate hike will be needed this year, according to minutes - The Times Herald",2026-10-07T18:20:05+00:00,2026-10-08T01:00:15+00:00
gnews_fed,Gold Analysis: Fed Minutes Keep Pressure on XAU/USD - StoneX,2026-10-07T21:20:25+00:00,2026-10-08T01:00:15+00:00
gnews_fed,Fed minutes show most officials expected another rate hike before year's end - ABC15 Arizona,2026-10-07T20:39:16+00:00,2026-10-08T01:00:15+00:00
gnews_fed,"Federal Reserve officials expect another rate hike will be needed this year, according to minutes - Whittier Daily News",2026-10-07T18:19:55+00:00,2026-10-08T01:00:15+00:00
gnews_fed,Fed minutes show most officials expected another rate hike before year's end - News 5 Cleveland WEWS,2026-10-07T21:20:15+00:00,2026-10-08T01:00:15+00:00
gnews_fed,Fed officials unanimously supported Sept. rate hike: FOMC minutes takeaways - Yahoo Finance,2026-10-07T19:37:02+00:00,2026-10-08T01:00:15+00:00
gnews_fed,"Federal Reserve officials expect another rate hike will be needed this year, according to minutes - Journal-Advocate",2026-10-07T18:21:19+00:00,2026-10-08T01:00:15+00:00
gnews_fed,"Tariffs can keep pushing up goods prices for a year, NY Fed finds - Axios",2026-10-07T16:29:48+00:00,2026-10-08T01:00:15+00:00
gnews_fed,"Federal Reserve officials expect another rate hike will be needed this year, according to minutes - WFMZ.com",2026-10-07T18:05:48+00:00,2026-10-08T01:00:15+00:00
gnews_fed,Most Fed officials see another rate hike by year-end: Minutes - Daily Sabah,2026-10-07T18:57:00+00:00,2026-10-08T01:00:15+00:00
gnews_fed,Fed minutes indicate broad agreement for another rate rise this year - Financial Times,2026-10-07T20:18:40+00:00,2026-10-08T01:00:15+00:00
gnews_fed,Lower US Treasury yield view persists despite biggest quarterly surge since 1994: Reuters poll - Reuters,2026-10-07T13:59:01+00:00,2026-10-08T01:00:15+00:00
gnews_fed,Fed minutes reveal another hike likely before year end amid elevated inflation - InvestmentNews,2026-10-07T19:34:44+00:00,2026-10-08T01:00:15+00:00
gnews_fed,FILE PHOTO: Federal Reserve Board building is seen in Washington - The Daily News | Texas' Oldest Newspaper,2026-10-07T18:50:41+00:00,2026-10-08T01:00:15+00:00
gnews_fed,FILE PHOTO: Fed Reserve Chairman Kevin Warsh holds a press conference in Washington - The Daily News | Texas' Oldest Newspaper,2026-10-07T20:36:49+00:00,2026-10-08T01:00:15+00:00
gnews_fed,The Federal Reserve Is Raising Interest Rates. Here's What History Says That Means for Investors. - The Globe and Mail,2026-10-07T20:22:07+00:00,2026-10-08T01:00:15+00:00
gnews_fed,Fed Used Treasury Funds to Support Yen in Joint Intervention - Bloomberg.com,2026-10-07T19:03:20+00:00,2026-10-08T01:00:15+00:00
gnews_fed,FILE PHOTO: Swearing-in ceremony for incoming Federal Reserve Chair Kevin Warsh - The Daily News | Texas' Oldest Newspaper,2026-10-07T19:10:42+00:00,2026-10-08T01:00:15+00:00
gnews_fed,Fed minutes: Another rate hike likely coming this year to combat persistent inflation - Audacy,2026-10-07T18:05:00+00:00,2026-10-08T01:00:15+00:00
gnews_fed,Fed minutes: Another rate hike likely coming this year to combat persistent inflation - Ottumwa Courier,2026-10-07T18:17:15+00:00,2026-10-08T01:00:15+00:00
gnews_fed,Gold Prices Fall as Dollar Strengthens Ahead of Federal Reserve Minutes - Yahoo Finance,2026-10-07T09:33:56+00:00,2026-10-08T01:00:15+00:00
gnews_fed,Trump says Federal Reserve Board would like to see the country do badly - Forth.News,2026-10-07T19:08:20+00:00,2026-10-08T01:00:15+00:00
gnews_fed,"Notes From Fed Meeting Cite AI, Tariffs and Geopolitical Conflicts for Rate Hike - RISMedia",2026-10-07T19:25:14+00:00,2026-10-08T01:00:15+00:00
gnews_fed,Fed minutes: Another rate hike likely coming this year to combat persistent inflation - Boston 25 News,2026-10-07T18:18:45+00:00,2026-10-08T01:00:15+00:00
gnews_fed,FOMC minutes show the Fed ready to hike again in 2026 as AI buildout replaces tariffs as main driver of core prices - Kitco,2026-10-07T18:45:37+00:00,2026-10-08T01:00:15+00:00
gnews_fed,Fed minutes show most officials expected another rate hike before year's end - FOX 17 West Michigan News,2026-10-07T20:39:29+00:00,2026-10-08T01:00:15+00:00
gnews_fed,Fed September minutes show no plans for rapid rate hikes - Quartz,2026-10-07T19:26:28+00:00,2026-10-08T01:00:15+00:00
gnews_fed,Dollar Surge Pushes Gold Down Nearly 1% as Markets Await Federal Reserve Minutes - InsuranceNewsNet,2026-10-07T16:56:50+00:00,2026-10-08T01:00:15+00:00
gnews_fed,Most Fed officials saw another rate hike as likely: FOMC minutes - Seeking Alpha,2026-10-07T18:10:06+00:00,2026-10-08T01:00:15+00:00
gnews_fed,"Another Fed Rate Hike Might Be Due By Year End, Fed Minutes Show - TradingView",2026-10-07T20:48:50+00:00,2026-10-08T01:00:15+00:00
gnews_fed,US Fed minutes show bank is unlikely to hike rates in October - Semafor,2026-10-07T22:41:00+00:00,2026-10-08T01:00:15+00:00
gnews_fed,Most Fed officials saw another rate hike as likely: FOMC minutes - TradingView,2026-10-07T18:10:06+00:00,2026-10-08T01:00:15+00:00
gnews_fed,"Federal Reserve officials expect another rate hike will be needed this year, according to minutes - The Globe and Mail",2026-10-07T18:13:29+00:00,2026-10-08T01:00:15+00:00
gnews_fed,Are Rising Inflation Fears A Self-Fulfilling Prophecy? - Investopedia,2026-10-07T21:18:19+00:00,2026-10-08T01:00:15+00:00
gnews_fed,"Fluence Energy, Comfort Systems, Powell, Sterling, and Herc Shares Plummet, What You Need To Know - StockStory",2026-10-07T19:04:46+00:00,2026-10-08T01:00:15+00:00
gnews_fed,Fed minutes show most policymakers see another rate hike by year end - Investing.com,2026-10-07T20:29:43+00:00,2026-10-08T01:00:15+00:00
gnews_fed,Trump says Federal Reserve Board would like to see the country do badly - Devdiscourse,2026-10-07T18:04:32+00:00,2026-10-08T01:00:15+00:00
gnews_fed,Fed Minutes: Officials saw inflation risks worsening before September hike - FXStreet,2026-10-07T18:58:01+00:00,2026-10-08T01:00:15+00:00
gnews_fed,Fed minutes: Another rate hike likely coming this year to combat persistent inflation - WFLA,2026-10-07T18:18:45+00:00,2026-10-08T01:00:15+00:00
gnews_fed,"Fed Minutes: Another Hike Likely, November CPI Too Late - Stock Titan",2026-10-07T19:48:36+00:00,2026-10-08T01:00:15+00:00
gnews_fed,Trump says Federal Reserve Board would like to see the country do badly - TradingView,2026-10-07T18:53:05+00:00,2026-10-08T01:00:15+00:00
gnews_fed,"Federal Reserve officials expect another rate hike will be needed this year, according to minutes - WJTV",2026-10-07T13:05:48+00:00,2026-10-08T01:00:15+00:00
gnews_fed,Fed minutes show most officials expected another rate hike before year's end - KIVI-TV,2026-10-07T20:39:32+00:00,2026-10-08T01:00:15+00:00
gnews_fed,The Fed Is Embarking on a Rate-Hike Cycle. History Says This Is How the Market Will React. - The Motley Fool,2026-10-07T18:23:00+00:00,2026-10-08T01:00:15+00:00
gnews_fed,Fed Minutes: Inflation Expectations a Key Concern as Rate Held Steady - News and Statistics - IndexBox,2026-10-07T23:10:49+00:00,2026-10-08T01:00:15+00:00
gnews_oil_trump,How Trump’s Tariff War With Canada Ensnared the Can-Am Spyder - The New York Times,2026-10-07T17:57:00+00:00,2026-10-08T01:00:15+00:00
gnews_oil_trump,"Michigan Republican Rogers calls for end to Canada tariff fight, breaking with Trump again - Reuters",2026-10-07T18:08:24+00:00,2026-10-08T01:00:15+00:00
gnews_oil_trump,"Mike Rogers changes tune on tariffs, trade war with Canada - Detroit Free Press",2026-10-07T22:15:00+00:00,2026-10-08T01:00:15+00:00
gnews_oil_trump,Trump’s Tariffs Put a Spotlight on Forced Labor. It Isn’t Going Away. - WSJ,2026-10-07T22:00:00+00:00,2026-10-08T01:00:15+00:00
gnews_oil_trump,"Trump's $90 Medicare rebate rolls out, but millions aren't eligible. Critics see a political stunt - PBS",2026-10-07T21:53:23+00:00,2026-10-08T01:00:15+00:00
gnews_oil_trump,Michigan Senate hopeful Rogers distances himself from Trump - Axios,2026-10-07T17:53:55+00:00,2026-10-08T01:00:15+00:00
gnews_oil_trump,Trump’s tariffs were meant to shrink the trade deficit—but it’s now the widest since Liberation Day - Fortune,2026-10-07T18:15:00+00:00,2026-10-08T01:00:15+00:00
gnews_oil_trump,"STATEMENT: Mike Rogers Supported Trump’s Reckless Tariffs From The Start, Even As Prices Skyrocketed - Michigan Democratic Party",2026-10-07T20:23:48+00:00,2026-10-08T01:00:15+00:00
gnews_oil_trump,THE WORLD BRACES as Trump’s Canada Tariff Stand-Off Escalates: McGeever - EnergyNow.com,2026-10-07T16:51:14+00:00,2026-10-08T01:00:15+00:00
gnews_oil_trump,Mike Rogers Turns on Trump’s Tariffs: What Michigan Republican Said Before - Newsweek,2026-10-07T22:37:00+00:00,2026-10-08T01:00:15+00:00
gnews_oil_trump,"With four weeks until the Nov. 3 election, the Republican US Senate nominee is suddenly calling for an end to Trump's ""tariff war"" with Canada. See link below ⬇️ 📸 Mike Rogers for Senate - Facebook",2026-10-07T23:00:11+00:00,2026-10-08T01:00:15+00:00
gnews_oil_trump,Mike Rogers breaks with Trump on tariffs in new ad - Denver Gazette,2026-10-07T19:03:49+00:00,2026-10-08T01:00:15+00:00
gnews_oil_trump,"Don't support Trump tariffs then blame Stelco job cuts on 'act of God,' minister Joly warns Cleveland-Cliffs - CBC",2026-10-07T19:06:53+00:00,2026-10-08T01:00:15+00:00
gnews_oil_trump,"Rogers shifts gears, calls for end to Trump's 'tariff war' with Canada - Yahoo",2026-10-07T14:38:44+00:00,2026-10-08T01:00:15+00:00
gnews_oil_trump,Michigan’s Mike Rogers says trade war with Canada needs to end - Politico,2026-10-07T15:18:00+00:00,2026-10-08T01:00:15+00:00
gnews_oil_trump,Michigan Republican candidate breaks with Trump over tariffs on Canada - National Newswatch,2026-10-07T19:50:46+00:00,2026-10-08T01:00:15+00:00
gnews_oil_trump,Michigan Republican Senate candidate Mike Rogers breaks with Trump on tariffs - CNN,2026-10-07T14:08:36+00:00,2026-10-08T01:00:15+00:00
gnews_oil_trump,'Canada is not our enemy': Michigan Republican Senate candidate breaks with Trump on trade war - CBC,2026-10-07T21:09:56+00:00,2026-10-08T01:00:15+00:00
gnews_oil_trump,Trump claims Canada charged 'secret' tariffs nobody knew about — here's how the 50% levies hit your wallet - Yahoo! Finance Canada,2026-10-07T12:00:00+00:00,2026-10-08T01:00:15+00:00
gnews_oil_trump,Trump Pauses 50% Tariffs on Canada as Trade Talks Advance – Keystone XL Back in Spotlight - EnergyNow.com,2026-10-07T15:35:21+00:00,2026-10-08T01:00:15+00:00
gnews_oil_trump,"Michigan Senator Breaks with Trump, Calls for End to Canada Tariff War - Forth.News",2026-10-07T21:52:36+00:00,2026-10-08T01:00:15+00:00
gnews_oil_trump,"US trade deficit widens, raising fresh questions about Trump’s tariff strategy - The American Bazaar",2026-10-07T17:19:35+00:00,2026-10-08T01:00:15+00:00
gnews_oil_trump,Trump threat of 50% Canada auto tariffs fuels bid to ‘outlast him’ - Automotive News,2026-10-07T16:07:00+00:00,2026-10-08T01:00:15+00:00
gnews_oil_trump,"Republican Candidates Balk at Trump Policies: ""Struggling Because of the War"" - 아시아경제",2026-10-07T23:18:09+00:00,2026-10-08T01:00:15+00:00
gnews_oil_trump,"Donald Trump Threatened 300% Tariffs on Countries That Don't Invest in the U.S., Just Days After a Trump-Xi Summit Offered Only Limited Trade Relief. Here's Why That Threat Keeps Markets on Edge. - The Globe and Mail",2026-10-07T21:15:01+00:00,2026-10-08T01:00:15+00:00
gnews_oil_trump,Health Brief: Medical devices join Trump’s tariff bargain - The Washington Post,2026-10-07T04:30:10+00:00,2026-10-08T01:00:15+00:00
gnews_oil_trump,Mike Rogers breaks with Trump on tariffs in new ad: ‘Canada is not our enemy’ - Washington Examiner,2026-10-07T16:30:00+00:00,2026-10-08T01:00:15+00:00
gnews_oil_trump,Trump tariffs are a work in progress … except there’s been no progress - The South Dakota Standard,2026-10-07T10:58:26+00:00,2026-10-08T01:00:15+00:00
gnews_oil_trump,Nervous GOP Senate hopeful abruptly bails on Trump’s tariffs - Daily Kos,2026-10-07T23:15:00+00:00,2026-10-08T01:00:15+00:00
gnews_oil_trump,Lotus halves British workforce after Trump tariff blow - The Telegraph,2026-10-07T14:26:00+00:00,2026-10-08T01:00:15+00:00
gnews_oil_trump,'$40 Billion Deficit': Trump Threatens Switzerland With Tariff War After Canada Responds | Watch - The Times of India,2026-10-07T22:02:51+00:00,2026-10-08T01:00:15+00:00
gnews_oil_trump,Europe’s Restraint Makes Trump’s Tariffs Pay - Social Europe,2026-10-07T05:00:00+00:00,2026-10-08T01:00:15+00:00
gnews_oil_trump,"Trump Justified His Tariffs By Calling The Trade Deficit A ""National Emergency"" Threatening Our ""Very Way Of Life."" The Latest Trade Deficit Was The Largest Since Liberation Day - 24/7 Wall St.",2026-10-07T09:26:00+00:00,2026-10-08T01:00:15+00:00
gnews_oil_trump,Mike Rogers turns against Trump’s Canada tariffs in Michigan Senate race - The News International,2026-10-07T16:33:02+00:00,2026-10-08T01:00:15+00:00
gnews_oil_trump,Republican John James seeks some distance from Trump in Michigan governor debate - NBC News,2026-10-07T01:35:00+00:00,2026-10-08T01:00:15+00:00
gnews_oil_trump,COMMENTARY: The Trump Chaotic Presidency Continues – Fraser Institute - EnergyNow,2026-10-07T09:14:53+00:00,2026-10-08T01:00:15+00:00
gnews_oil_trump,"Chinese Cars Can’t Cross From Canada to U.S., Trump’s Envoy Says - EnergyNow",2026-10-07T20:33:18+00:00,2026-10-08T01:00:15+00:00
gnews_oil_trump,Trump Justified His Tariffs By Calling The Trade Deficit A “National Emergency” Threatening Our “Very Way Of Life.” The Latest Trade Deficit Was The Largest Since Liberation Day - AOL.com,2026-10-07T09:26:38+00:00,2026-10-08T01:00:15+00:00
gnews_oil_trump,Michigan Republican candidate breaks with Trump over tariffs on Canada - INsauga,2026-10-07T19:30:25+00:00,2026-10-08T01:00:15+00:00
gnews_oil_trump,Trump Ties Tariff Cuts to S. Korea’s $150 Billion Shipbuilding Investment - Businesskorea,2026-10-07T02:04:09+00:00,2026-10-08T01:00:15+00:00
gnews_oil_trump,Trump explains why critics forced ‘tariff’ down his list of favorite words - The Independent,2026-10-07T04:43:00+00:00,2026-10-08T01:00:15+00:00
gnews_oil_trump,There are two wars going on simultaneously around the world right now. That also happened only in oi.. - 매일경제,2026-10-07T11:17:01+00:00,2026-10-08T01:00:15+00:00
gnews_oil_trump,Lotus halves UK workforce after Trump tariffs hit sports car sales - This is Money,2026-10-07T17:25:29+00:00,2026-10-08T01:00:15+00:00
gnews_oil_trump,"Susan Collins Brags About Ending Tariffs on Road Salt, Troy Jackson Responds: 'We Can't Eat Road Salt' - AOL.com",2026-10-07T12:37:20+00:00,2026-10-08T01:00:15+00:00
gnews_oil_trump,US President Trump hopes to sign Thai tariff deal during November Asia visit - Asia News Network,2026-10-07T01:06:41+00:00,2026-10-08T01:00:15+00:00
gnews_oil_trump,Trump’s Tariffs Were Supposed to Shrink the Trade Gap — August Did the Opposite - Investing.com Australia,2026-10-07T06:54:28+00:00,2026-10-08T01:00:15+00:00
gnews_oil_trump,'Caught them in the act': Trump alleges Canada imposed secret tariffs on U.S. that only he knew about - Money.ca,2026-10-07T11:30:56+00:00,2026-10-08T01:00:15+00:00
gnews_oil_trump,Nepal Edible Oil Businesses Demand Reduced Customs Duty on Sunflower Oil Amidst Indian Tariff Cuts - Ratopati,2026-10-07T09:53:49+00:00,2026-10-08T01:00:15+00:00
gnews_oil_trump,"Market outlook: Oil, rates, naira to drive Q3 - Punch Newspapers",2026-10-07T01:34:22+00:00,2026-10-08T01:00:15+00:00
gnews_oil_trump,Michigan Republican Flip-Flops to Bash Trump’s Tariffs: ‘Prices Are Too High and Canada Is Not Our Enemy’ - Mediaite,2026-10-07T16:40:00+00:00,2026-10-08T01:00:15+00:00
gnews_oil_trump,Congress may examine creative ideas: Johnson on Trump's idea to share tariff revenue with Americans - MEAWW News,2026-10-07T19:22:54+00:00,2026-10-08T01:00:15+00:00
gnews_oil_trump,'Phony': Backlash as MAGA Republican launches pro-Canada ads in sudden break with Trump - Raw Story,2026-10-07T15:04:00+00:00,2026-10-08T01:00:15+00:00
gnews_oil_trump,‘We Can’t Eat Road Salt’: Democrat Hits Susan Collins Over Trump Tariffs in Senate Debate - Mediaite,2026-10-07T02:52:00+00:00,2026-10-08T01:00:15+00:00
gnews_oil_trump,Republicans in Iowa grapple with the Trump Problem as incumbent’s unpopularity grows before midterms - Knewz,2026-10-07T10:45:00+00:00,2026-10-08T01:00:15+00:00
gnews_oil_trump,Candidates Clash Over Trump in Key Midterm Races - SuaraGarut.ID,2026-10-07T16:37:44+00:00,2026-10-08T01:00:15+00:00
gnews_oil_trump,Trump urges Thailand US tariff deal completion in November - Thaiger,2026-10-07T03:21:44+00:00,2026-10-08T01:00:15+00:00
gnews_oil_trump,"Sankaran Naren’s India Market Outlook: High Oil, Rates & Geopolitics Impact - Livemint",2026-10-07T03:31:53+00:00,2026-10-08T01:00:15+00:00
gnews_oil_trump,Mike Rogers Calls on Trump to End Tariff War in New Campaign Ad - SSBCrack,2026-10-07T17:41:36+00:00,2026-10-08T01:00:15+00:00
gnews_nasdaq,"Wall Street ends lower, off record highs, as Treasury yields climb - Reuters",2026-10-07T23:14:17+00:00,2026-10-08T01:00:15+00:00
gnews_nasdaq,Wall Street retreats from its record as stocks fall worldwide - The Washington Post,2026-10-08T00:01:07+00:00,2026-10-08T01:00:15+00:00
gnews_nasdaq,Advertising Week x The Best One Yet Rings the Nasdaq Stock Market Opening Bell - Nasdaq,2026-10-07T13:37:38+00:00,2026-10-08T01:00:15+00:00
gnews_nasdaq,Rising Rates Are Eroding the Value of Even the Most High-Flying Tech Stocks - WSJ,2026-10-07T21:10:00+00:00,2026-10-08T01:00:15+00:00
gnews_nasdaq,How major US stock indexes fared Wednesday 10/7/2026 - The Washington Post,2026-10-07T23:36:03+00:00,2026-10-08T01:00:15+00:00
gnews_nasdaq,Five Things to Know About Tokenized Stocks - WSJ,2026-10-07T18:53:00+00:00,2026-10-08T01:00:15+00:00
gnews_nasdaq,U.S. Stocks Fall as Treasury Yields Test Multidecade Highs - WSJ,2026-10-07T20:53:00+00:00,2026-10-08T01:00:15+00:00
gnews_nasdaq,U.S. Stocks Slip as Treasurys Retreat From Recent Highs - WSJ,2026-10-07T18:18:00+00:00,2026-10-08T01:00:15+00:00
gnews_nasdaq,Wall Street retreats from its record as stocks fall worldwide - Toledo Blade,2026-10-07T20:43:43+00:00,2026-10-08T01:00:15+00:00
gnews_nasdaq,Strange market anomaly is creating a buying opportunity in the Nasdaq 100 - CNBC,2026-10-07T18:44:33+00:00,2026-10-08T01:00:15+00:00
gnews_nasdaq,Wall Street Can’t Agree On SpaceX — Is The Stock A Bargain Or A Bubble? - Yahoo Finance,2026-10-07T20:33:16+00:00,2026-10-08T01:00:15+00:00
gnews_nasdaq,Reflecting On Automobile Manufacturing Stocks’ Q2 Earnings: Lucid (NASDAQ:LCID) - Yahoo Finance,2026-10-07T16:16:47+00:00,2026-10-08T01:00:15+00:00
gnews_nasdaq,Processors and Graphics Chips Stocks Q2 Results: Benchmarking Qualcomm (NASDAQ:QCOM) - Yahoo Finance,2026-10-07T17:04:47+00:00,2026-10-08T01:00:15+00:00
gnews_nasdaq,Reflecting On Regional Banks Stocks’ Q2 Earnings: Old Second Bancorp (NASDAQ:OSBC) - Yahoo Finance,2026-10-07T17:36:47+00:00,2026-10-08T01:00:15+00:00
gnews_nasdaq,Wall Street Skittish on Skydance as Stock Drops Further Post-Merger - Variety,2026-10-07T14:46:00+00:00,2026-10-08T01:00:15+00:00
gnews_nasdaq,Most Investors Misunderstand the Stock Market. Here's the One Sector I'm Buying Now. - The Motley Fool,2026-10-07T22:33:47+00:00,2026-10-08T01:00:15+00:00
gnews_nasdaq,Stocks Drop as IMF Warns of 'Very Tough Choices' - Newser,2026-10-07T20:39:00+00:00,2026-10-08T01:00:15+00:00
gnews_nasdaq,Wall Street Lifts Coinbase Targets Across the Board - Yahoo Finance,2026-10-07T14:41:00+00:00,2026-10-08T01:00:15+00:00
gnews_nasdaq,Nasdaq and S&P Hold Weekly Gains as Small Caps and Dow Slip Midweek - Yahoo Finance,2026-10-07T18:14:00+00:00,2026-10-08T01:00:15+00:00
gnews_nasdaq,2 of Wall Street’s Favorite Stocks on Our Buy List and 1 Facing Challenges - Yahoo Finance,2026-10-07T11:28:47+00:00,2026-10-08T01:00:15+00:00
gnews_nasdaq,Wall Street retreats from its record as stocks fall worldwide | National News | 2news.com - KTVN,2026-10-07T13:52:18+00:00,2026-10-08T01:00:15+00:00
gnews_nasdaq,3 of Wall Street’s Favorite Stocks That Fall Short - Yahoo Finance,2026-10-07T11:20:47+00:00,2026-10-08T01:00:15+00:00
gnews_nasdaq,2 of Wall Street’s Favorite Stocks with Exciting Potential and 1 Facing Headwinds - Yahoo Finance,2026-10-07T11:04:47+00:00,2026-10-08T01:00:15+00:00
gnews_nasdaq,Applied Digital (NASDAQ:APLD) Beats Expectations in Strong Q3 CY2026 - Yahoo Finance,2026-10-07T20:52:23+00:00,2026-10-08T01:00:15+00:00
gnews_nasdaq,Australian Stocks Trade Lower After Wall Street Losses - TradingView,2026-10-08T00:15:00+00:00,2026-10-08T01:00:15+00:00
gnews_nasdaq,Qualys (NASDAQ:QLYS) Q2 Earnings: Leading The Cybersecurity Pack - Yahoo Finance,2026-10-07T17:44:47+00:00,2026-10-08T01:00:15+00:00
gnews_nasdaq,Jim Cramer spots something investors may be missing on Wall Street - TheStreet,2026-10-07T22:03:00+00:00,2026-10-08T01:00:15+00:00
gnews_nasdaq,2 of Wall Street’s Favorite Stocks Worth Your Attention and 1 We Ignore - Yahoo Finance,2026-10-07T09:20:47+00:00,2026-10-08T01:00:15+00:00
gnews_nasdaq,"Stocks to watch on Wednesday after hours: APLD, LULU, COST (APLD:NASDAQ) - Seeking Alpha",2026-10-07T20:41:29+00:00,2026-10-08T01:00:15+00:00
gnews_nasdaq,12 Industrials Stocks Moving In Wednesday's After-Market Session - Benzinga,2026-10-07T21:06:11+00:00,2026-10-08T01:00:15+00:00
gnews_nasdaq,US stock market hits all-time high as investors continue to bet on AI - Al Jazeera,2026-10-07T06:34:37+00:00,2026-10-08T01:00:15+00:00
gnews_nasdaq,12 Health Care Stocks Moving In Wednesday's After-Market Session - Benzinga,2026-10-07T21:06:12+00:00,2026-10-08T01:00:15+00:00
gnews_nasdaq,Perishable Food Q2 Earnings: Mission Produce (NASDAQ:AVO) is the Best in the Biz - Yahoo Finance,2026-10-07T18:24:47+00:00,2026-10-08T01:00:15+00:00
gnews_nasdaq,Q2 Earnings Roundup: Commerce (NASDAQ:CMRC) And The Rest Of The E-commerce Software Segment - Yahoo Finance,2026-10-07T16:32:47+00:00,2026-10-08T01:00:15+00:00
gnews_nasdaq,"PENG Stock Rallies To Over 2-Month High After Wall Street Hikes Price Targets On Q4 Beat, Guidance Raise - Yahoo Finance",2026-10-07T17:48:25+00:00,2026-10-08T01:00:15+00:00
gnews_nasdaq,Resources Connection (NASDAQ:RGP) Shares Slide 12.5% After Q1 Revenue Miss Despite Narrower Adjusted Loss - ChartMill,2026-10-07T20:42:00+00:00,2026-10-08T01:00:15+00:00
gnews_nasdaq,"S&P 500, Nasdaq ease from record highs as Treasury yields climb - Kitco",2026-10-07T19:06:18+00:00,2026-10-08T01:00:15+00:00
gnews_nasdaq,"Workday (NASDAQ:WDAY) Insider Robert Enslin Sells 5,374 Shares of Stock - MarketBeat",2026-10-07T23:22:29+00:00,2026-10-08T01:00:15+00:00
gnews_nasdaq,Meta Platforms (NASDAQ:META) COO Sells 946 Shares of Company Stock - MarketBeat,2026-10-07T23:22:28+00:00,2026-10-08T01:00:15+00:00
gnews_nasdaq,New York Stocks Close Lower; Nasdaq Falls 0.22% - bloomingbit,2026-10-07T20:17:48+00:00,2026-10-08T01:00:15+00:00
gnews_nasdaq,"PTC Therapeutics (NASDAQ:PTCT) Stock: Insider Mark Elliott Boulding Sells 1,638 Shares - MarketBeat",2026-10-07T23:22:28+00:00,2026-10-08T01:00:15+00:00
gnews_nasdaq,"Insider Selling: Porch Group (NASDAQ:PRCH) CEO Sells 14,946 Shares of Stock - MarketBeat",2026-10-07T23:22:27+00:00,2026-10-08T01:00:15+00:00
gnews_nasdaq,"Vera Bradley (NASDAQ:VRA) Stock: Insider Ivan Brockman Buys 10,000 Shares - MarketBeat",2026-10-07T23:22:27+00:00,2026-10-08T01:00:15+00:00
gnews_nasdaq,SPOT Stock Holds Momentum As Wall Street Boosts Targets - Timothy Sykes,2026-10-07T20:46:00+00:00,2026-10-08T01:00:15+00:00
gnews_nasdaq,"PC Connection (NASDAQ:CNXN) Stock: Insider Patricia Gallup Sells 7,142 Shares - MarketBeat",2026-10-07T23:22:28+00:00,2026-10-08T01:00:15+00:00
gnews_nasdaq,"PC Connection (NASDAQ:CNXN) Stock: Insider Patricia Gallup Sells 6,230 Shares - MarketBeat",2026-10-07T23:22:28+00:00,2026-10-08T01:00:15+00:00
gnews_nasdaq,"Porch Group (NASDAQ:PRCH) Director Amanda Reierson Sells 8,501 Shares of Stock - MarketBeat",2026-10-07T23:17:12+00:00,2026-10-08T01:00:15+00:00
gnews_nasdaq,"Workday (NASDAQ:WDAY) CFO Sells $1,123,380.00 in Stock - MarketBeat",2026-10-07T23:22:29+00:00,2026-10-08T01:00:15+00:00
gnews_nasdaq,"Workday (NASDAQ:WDAY) Insider Sells 2,729 Shares of Company Stock - MarketBeat",2026-10-07T23:22:29+00:00,2026-10-08T01:00:15+00:00
gnews_nasdaq,"Nasdaq Composite Eases 0.22% to 27,538.69 After Record Close as Micron Gains Offset Meta Losses - BBN Times",2026-10-07T22:23:49+00:00,2026-10-08T01:00:15+00:00
gnews_nasdaq,"Porch Group (NASDAQ:PRCH) Stock: Insider Shawn Tabak Sells 2,746 Shares - MarketBeat",2026-10-07T23:13:48+00:00,2026-10-08T01:00:15+00:00
gnews_nasdaq,Q2 Financial Technology Earnings: Robinhood (NASDAQ:HOOD) Impresses - Yahoo Finance,2026-10-07T16:24:47+00:00,2026-10-08T01:00:15+00:00
gnews_nasdaq,Wall Street Falls on 24-Year High Yields - 조선일보,2026-10-07T23:31:05+00:00,2026-10-08T01:00:15+00:00
gnews_nasdaq,"Insider Selling: PTC Therapeutics (NASDAQ:PTCT) VP Sells $27,909.60 in Stock - MarketBeat",2026-10-07T23:44:33+00:00,2026-10-08T01:00:15+00:00
gnews_nasdaq,12 Information Technology Stocks Moving In Wednesday's After-Market Session - Benzinga,2026-10-07T21:06:11+00:00,2026-10-08T01:00:15+00:00
gnews_nasdaq,"Porch Group (NASDAQ:PRCH) CFO Shawn Tabak Sells 6,690 Shares of Company Stock - MarketBeat",2026-10-07T23:15:41+00:00,2026-10-08T01:00:15+00:00
gnews_nasdaq,"Porch Group (NASDAQ:PRCH) COO Matthew Neagle Sells 27,881 Shares of Company Stock - MarketBeat",2026-10-07T23:22:28+00:00,2026-10-08T01:00:15+00:00
gnews_nasdaq,"Vinci Compass Investments (NASDAQ:VINP) Insider Sells 11,748 Shares of Company Stock - MarketBeat",2026-10-07T23:13:57+00:00,2026-10-08T01:00:15+00:00
gnews_nasdaq,"Porch Group (NASDAQ:PRCH) COO Matthew Neagle Sells 7,318 Shares of Company Stock - MarketBeat",2026-10-07T23:22:28+00:00,2026-10-08T01:00:15+00:00
gnews_nasdaq,"Porch Group (NASDAQ:PRCH) CEO Sells $507,556.90 in Stock - MarketBeat",2026-10-07T23:22:27+00:00,2026-10-08T01:00:15+00:00
gnews_nasdaq,"Insider Selling: Vinci Compass Investments (NASDAQ:VINP) Insider Sells $56,278.85 in Stock - MarketBeat",2026-10-07T23:22:28+00:00,2026-10-08T01:00:15+00:00
gnews_nasdaq,"Porch Group (NASDAQ:PRCH) CEO Matt Ehrlichman Sells 26,135 Shares of Company Stock - MarketBeat",2026-10-07T23:22:28+00:00,2026-10-08T01:00:15+00:00
gnews_nasdaq,Lumentum (NASDAQ:LITE) Shares Down 2% - Here's Why - MarketBeat,2026-10-07T21:25:56+00:00,2026-10-08T01:00:15+00:00
gnews_nasdaq,"Diamondback Energy (NASDAQ:FANG) Director Sells $6,124,605.42 in Stock - MarketBeat",2026-10-07T23:22:29+00:00,2026-10-08T01:00:15+00:00
gnews_nasdaq,IREN (NASDAQ:IREN) Stock Falls 6.3% - Here's What Happened - MarketBeat,2026-10-07T21:25:56+00:00,2026-10-08T01:00:15+00:00
gnews_nasdaq,Wall Street retreats from its record as stocks fall worldwide - Idaho Press,2026-10-07T13:52:18+00:00,2026-10-08T01:00:15+00:00
gnews_nasdaq,Stocks fall worldwide as Wall Street retreats from its record - CommBank,2026-10-07T21:33:09+00:00,2026-10-08T01:00:15+00:00
gnews_nasdaq,12 Consumer Discretionary Stocks Moving In Wednesday's After-Market Session - Benzinga,2026-10-07T21:06:12+00:00,2026-10-08T01:00:15+00:00
gnews_nasdaq,Astera Labs (NASDAQ:ALAB) Stock Price Down 1.9% - Should You Sell? - MarketBeat,2026-10-07T21:25:57+00:00,2026-10-08T01:00:15+00:00
gnews_nasdaq,Meta Platforms (NASDAQ:META) Stock Price Down 2.4% - What's Next? - MarketBeat,2026-10-07T21:25:57+00:00,2026-10-08T01:00:15+00:00
gnews_nasdaq,Stock Traders Purchase Large Volume of Put Options on XP (NASDAQ:XP) - MarketBeat,2026-10-07T20:27:43+00:00,2026-10-08T01:00:15+00:00
gnews_nasdaq,Rocket Lab (NASDAQ:RKLB) Shares Down 4.2% - Here's Why - MarketBeat,2026-10-07T21:25:56+00:00,2026-10-08T01:00:15+00:00
gnews_nasdaq,Tilray Brands (NASDAQ:TLRY) Stock Falls 1.6% - Should You Sell? - MarketBeat,2026-10-07T21:48:03+00:00,2026-10-08T01:00:15+00:00
gnews_nasdaq,USA Rare Earth (NASDAQ:USAR) Stock Price Down 3.7% - Here's Why - MarketBeat,2026-10-07T21:25:56+00:00,2026-10-08T01:00:15+00:00
gnews_nasdaq,"This Under-the-Radar Growth Stock Is Down 55%, but Wall Street Is Still Bullish. Here's Why. - Yahoo Finance",2026-10-07T13:29:00+00:00,2026-10-08T01:00:15+00:00
gnews_nasdaq,Ondas (NASDAQ:ONDS) Stock Price Down 3% - Here's Why - MarketBeat,2026-10-07T21:25:58+00:00,2026-10-08T01:00:15+00:00
gnews_nasdaq,Lucid Group (NASDAQ:LCID) Shares Down 6.5% - Here's What Happened - MarketBeat,2026-10-07T21:48:03+00:00,2026-10-08T01:00:15+00:00
gnews_nasdaq,"Stock Market Today: Dow Jones, Nasdaq 100 Futures Decline as Iran Mocks US Economy, Trump Sparks Bipartis - Benzinga",2026-10-07T09:41:57+00:00,2026-10-08T01:00:15+00:00
gnews_nasdaq,Netflix (NASDAQ:NFLX) Stock Price Up 1.5% - Time to Buy? - MarketBeat,2026-10-07T21:25:56+00:00,2026-10-08T01:00:15+00:00
gnews_nasdaq,World stocks fall back despite latest earnings-driven rally on Wall Street | National News | 2news.com - KTVN,2026-10-07T08:55:14+00:00,2026-10-08T01:00:15+00:00
gnews_nasdaq,Intuitive Machines (NASDAQ:LUNR) Stock Price Down 4.3% - Here's Why - MarketBeat,2026-10-07T21:25:57+00:00,2026-10-08T01:00:15+00:00
gnews_nasdaq,"Sunrun (NASDAQ:RUN) Stock: Insider Mary Powell Sells 24,335 Shares - MarketBeat",2026-10-07T21:19:54+00:00,2026-10-08T01:00:15+00:00
gnews_nasdaq,Wall Street retreats from its record as stocks fall worldwide - Ottumwa Courier,2026-10-07T17:46:08+00:00,2026-10-08T01:00:15+00:00
gnews_nasdaq,Qualcomm (NASDAQ:QCOM) Stock Price Down 2.2% - Time to Sell? - MarketBeat,2026-10-07T21:25:58+00:00,2026-10-08T01:00:15+00:00
gnews_nasdaq,"Zoom Communications (NASDAQ:ZM) Stock: Insider Santiago Subotovsky Sells 2,637 Shares - MarketBeat",2026-10-07T21:19:54+00:00,2026-10-08T01:00:15+00:00
gnews_nasdaq,"Global-e Online (NASDAQ:GLBE) COO Sells 24,999 Shares of Company Stock - MarketBeat",2026-10-07T21:25:58+00:00,2026-10-08T01:00:15+00:00
gnews_nasdaq,"Insider Selling: Zoom Communications (NASDAQ:ZM) CEO Sells 12,100 Shares of Stock - MarketBeat",2026-10-07T21:25:55+00:00,2026-10-08T01:00:15+00:00
gnews_nasdaq,MRNA Stock Jumps As Nasdaq-100 Inclusion Ignites Momentum - Timothy Sykes,2026-10-07T19:02:00+00:00,2026-10-08T01:00:15+00:00
gnews_nasdaq,"Insider Selling: Starbucks (NASDAQ:SBUX) CEO Sells $155,501.16 in Stock - MarketBeat",2026-10-07T23:15:56+00:00,2026-10-08T01:00:15+00:00
gnews_nasdaq,"Insider Selling: Sunrun (NASDAQ:RUN) CFO Sells $129,855.84 in Stock - MarketBeat",2026-10-07T21:19:54+00:00,2026-10-08T01:00:15+00:00
gnews_nasdaq,"This Under-the-Radar Growth Stock Is Down 55%, but Wall Street Is Still Bullish. Here's Why. - The Motley Fool",2026-10-07T14:09:00+00:00,2026-10-08T01:00:15+00:00
gnews_nasdaq,"Insider Selling: SOPHiA GENETICS (NASDAQ:SOPH) Insider Sells 7,394 Shares of Company Stock - MarketBeat",2026-10-07T21:19:55+00:00,2026-10-08T01:00:15+00:00
gnews_nasdaq,"Insider Selling: Sunrun (NASDAQ:RUN) CRO Sells $122,895.12 in Stock - MarketBeat",2026-10-07T21:19:54+00:00,2026-10-08T01:00:15+00:00
gnews_nasdaq,11 Consumer Discretionary Stocks Moving In Wednesday's Intraday Session - Benzinga,2026-10-07T17:05:45+00:00,2026-10-08T01:00:15+00:00
gnews_nasdaq,"Intapp (NASDAQ:INTA) CEO John Hall Sells 3,000 Shares of Stock - MarketBeat",2026-10-07T21:19:55+00:00,2026-10-08T01:00:15+00:00
gnews_nasdaq,"SOPHiA GENETICS (NASDAQ:SOPH) CEO Sells 9,838 Shares of Stock - MarketBeat",2026-10-07T21:19:55+00:00,2026-10-08T01:00:15+00:00
gnews_nasdaq,5 Things to Know Before the Stock Market Opens on Wednesday - Investopedia,2026-10-07T12:12:48+00:00,2026-10-08T01:00:15+00:00
gnews_nasdaq,SK hynix (NASDAQ:SKHY) Stock Falls 2.4% - Time to Sell? - MarketBeat,2026-10-07T21:25:58+00:00,2026-10-08T01:00:15+00:00
gnews_nasdaq,"Insider Selling: Applied Optoelectronics (NASDAQ:AAOI) Insider Sells $720,180.00 in Stock - MarketBeat",2026-10-07T21:19:54+00:00,2026-10-08T01:00:15+00:00
gnews_nasdaq,D-Wave Quantum (NASDAQ:QBTS) Stock Price Down 3.6% - Should You Sell? - MarketBeat,2026-10-07T21:25:56+00:00,2026-10-08T01:00:15+00:00
investing_news,Bezos says Blue Origin likely to pursue IPO in coming years,,2026-10-08T01:00:15+00:00
investing_news,"Samsung flags $80 billion profit on AI boom, highest quarterly for any tech company",,2026-10-08T01:00:15+00:00
investing_news,US SEC will not charge top funds over climate concerns but warns of disclosure obligations,,2026-10-08T01:00:15+00:00
investing_news,"TikTok gave teens, children placebo safety feature in experiment, New York alleges",,2026-10-08T01:00:15+00:00
investing_news,China markets reopen after Golden Week: Here’s what to watch,,2026-10-08T01:00:15+00:00
investing_news,"Levi Strauss lifts annual profit outlook on tariff refunds, holiday demand",,2026-10-08T01:00:15+00:00
investing_news,General Dynamics taps insider Danny Deep as next CEO,,2026-10-08T01:00:15+00:00
investing_news,"Solidigm selects lead banks for blockbuster US IPO, Bloomberg reports",,2026-10-08T01:00:15+00:00
investing_news,"Qualcomm and Arm kick off trial, potential for huge damages in focus",,2026-10-08T01:00:15+00:00
investing_news,General Dynamics elects insider Danny Deep as CEO effective January 2027,,2026-10-08T01:00:15+00:00
seekingalpha,Levi Strauss outlines $1.54-$1.56 FY2026 EPS as it expects 4% organic Q4 revenue growth while redeploying $60M of tariff refunds,2026-10-08T00:43:19+00:00,2026-10-08T01:00:15+00:00
seekingalpha,"Crude oil turns lower as IEA agrees to accelerate oil stock release, prioritize diesel",2026-10-07T23:45:12+00:00,2026-10-08T01:00:15+00:00
seekingalpha,RGP expects Q2 revenue of $95M-$100M as it targets utilization and cost alignment,2026-10-07T23:03:09+00:00,2026-10-08T01:00:15+00:00
seekingalpha,General Dynamics names current president Deep as next CEO,2026-10-07T22:38:45+00:00,2026-10-08T01:00:15+00:00
seekingalpha,Exxon hopes to repeat Guyana's oil boom offshore Trinidad and Tobago,2026-10-07T22:23:03+00:00,2026-10-08T01:00:15+00:00
seekingalpha,Getchell Gold secures $300K investment for Fondaway Canyon,2026-10-07T22:12:17+00:00,2026-10-08T01:00:15+00:00
seekingalpha,"Clean Air Metals announces C$150,000 flow-through financing",2026-10-07T21:57:07+00:00,2026-10-08T01:00:15+00:00
seekingalpha,Alvopetro wins four Brazil blocks in ANP Concession Round,2026-10-07T21:54:56+00:00,2026-10-08T01:00:15+00:00
seekingalpha,Valneva falls as UK revokes marketing authorization for chikungunya vaccine,2026-10-07T21:41:05+00:00,2026-10-08T01:00:15+00:00
seekingalpha,Cruz Battery Metals sets 1-for-10 reverse stock split; CFO change,2026-10-07T21:27:37+00:00,2026-10-08T01:00:15+00:00
seekingalpha,"Gold futures slump to two-month low on stronger dollar, high yields",2026-10-07T21:25:08+00:00,2026-10-08T01:00:15+00:00
seekingalpha,Canada's Weston family to purchase UK's Boots in $8.9B deal with Sycamore Partners,2026-10-07T21:07:10+00:00,2026-10-08T01:00:15+00:00
seekingalpha,NextNRG to reclassify $9M Series C preferred stock following amendment,2026-10-07T21:03:28+00:00,2026-10-08T01:00:15+00:00
seekingalpha,Four Corners Property Trust buys Ohio-based property for $2.4M,2026-10-07T20:53:22+00:00,2026-10-08T01:00:15+00:00
seekingalpha,Duke Energy reaches settlement to enhance protections from data center costs,2026-10-07T20:53:19+00:00,2026-10-08T01:00:15+00:00
seekingalpha,Levi Strauss raises FY26 profit guidance but trims sales growth outlook,2026-10-07T20:53:16+00:00,2026-10-08T01:00:15+00:00
seekingalpha,Curtiss-Wright drops 8% after CFO transition announcement,2026-10-07T20:53:03+00:00,2026-10-08T01:00:15+00:00
seekingalpha,Hims & Hers Health names new chief accounting officer,2026-10-07T20:47:05+00:00,2026-10-08T01:00:15+00:00
seekingalpha,ASUR reports flat consolidated September passenger traffic at 8.6M,2026-10-07T20:44:53+00:00,2026-10-08T01:00:15+00:00
seekingalpha,Skydance slips 7% amid merger closing and debt concerns,2026-10-07T20:44:07+00:00,2026-10-08T01:00:15+00:00
seekingalpha,"Stocks to watch on Wednesday after hours: APLD, LULU, COST",2026-10-07T20:41:29+00:00,2026-10-08T01:00:15+00:00
seekingalpha,Clear Channel Outdoor edges higher after winning CFIUS approval for Mubadala sale,2026-10-07T20:40:06+00:00,2026-10-08T01:00:15+00:00
seekingalpha,"Western Union extends money transfer, money order, bill payment partnership with Publix",2026-10-07T20:39:46+00:00,2026-10-08T01:00:15+00:00
seekingalpha,NorthWestern Energy Group rises 7% to 52-week high,2026-10-07T20:37:57+00:00,2026-10-08T01:00:15+00:00
seekingalpha,Rivian draws $1B term loan from Volkswagen,2026-10-07T20:37:48+00:00,2026-10-08T01:00:15+00:00
gnews_fed,Fed minutes: Another rate hike likely coming this year to combat persistent inflation - The Seattle Times,2026-10-07T18:06:10+00:00,2026-10-08T01:02:17+00:00
gnews_fed,"Americans' inflation expectations rose to a 3-year high in September, NY Fed says - Quartz",2026-10-07T16:32:12+00:00,2026-10-08T01:02:17+00:00
gnews_oil_trump,Trump explains why critics forced ‘tariff’ down his list of favorite words - inkl,2026-10-07T05:04:28+00:00,2026-10-08T01:02:17+00:00
gnews_nasdaq,Wall Street retreats from its record as stocks fall worldwide - CTV News,2026-10-07T20:27:33+00:00,2026-10-08T01:02:17+00:00
investing_news,"Asia shares subdued, bonds swamped by AI debt wave",,2026-10-08T01:02:17+00:00
investing_news,"Blue Origin IPO several years away, but makes sense, Bezos says",,2026-10-08T01:02:17+00:00
investing_news,Why is LG Energy Solution stock surging today?,,2026-10-08T01:02:17+00:00
gnews_nasdaq,Rezolve Ai Rings the Nasdaq Stock Market Closing Bell - Nasdaq,2026-10-07T21:08:18+00:00,2026-10-08T01:06:25+00:00
gnews_nasdaq,AST SpaceMobile (NASDAQ:ASTS) Shares Down 3.9% - Here's What Happened - MarketBeat,2026-10-07T21:25:58+00:00,2026-10-08T01:06:25+00:00
gnews_nasdaq,Lam Research (NASDAQ:LRCX) Shares Down 1.3% - Here's Why - MarketBeat,2026-10-07T21:25:59+00:00,2026-10-08T01:06:25+00:00
gnews_nasdaq,"US STOCKS-Wall Street ends lower, off record highs, as Treasury yields climb - Devdiscourse",2026-10-07T20:01:06+00:00,2026-10-08T01:06:25+00:00
gnews_nasdaq,Intuitive Machines Stock Drops Wednesday: What's Going On? - Intuitive Machines (NASDAQ:LUNR) - Benzinga,2026-10-07T17:59:59+00:00,2026-10-08T01:12:35+00:00
seekingalpha,Applied Digital targets 3.5 to 4 GW by end of 2030 as it expects over 600 MW to enter service in the next 12 months,2026-10-08T01:13:13+00:00,2026-10-08T01:12:35+00:00
gnews_nasdaq,"APLD, BULL, SMCI, MU, CAT: 5 Trending Stocks Today - Micron Technology (NASDAQ:MU) - Benzinga",2026-10-08T01:11:32+00:00,2026-10-08T01:14:40+00:00
gnews_fed,Trump says Federal Reserve Board would like to see the country do badly - Merced Sun-Star,2026-10-07T19:16:09+00:00,2026-10-08T01:18:48+00:00
gnews_fed,"Federal Reserve officials expect another rate hike will be needed this year, according to minutes - Sun Sentinel",2026-10-07T18:20:34+00:00,2026-10-08T01:18:48+00:00
gnews_fed,Talarico says Paxton-backed tariffs threaten free chips and salsa - Bradenton Herald,2026-10-08T00:58:00+00:00,2026-10-08T01:18:48+00:00
gnews_oil_trump,‘Canada Is Out Of Money’: Mark Carney Ambushed On Cam; Poilievre Bends To Trump Amid Tariff War? - The Times of India,2026-10-08T01:01:35+00:00,2026-10-08T01:18:48+00:00
gnews_fed,"Federal Reserve officials expect another rate hike will be needed this year, according to minutes - KTVN",2026-10-07T18:05:48+00:00,2026-10-08T01:20:51+00:00
gnews_fed,Fed officials expect another rate hike will be needed this year: meeting minutes - New York Post,2026-10-07T18:43:07+00:00,2026-10-08T01:20:51+00:00
gnews_nasdaq,"Billiontoone (NASDAQ:BLLN) SVP Sells 2,834 Shares of Company Stock - MarketBeat",2026-10-08T01:21:02+00:00,2026-10-08T01:20:51+00:00
gnews_nasdaq,"Billiontoone (NASDAQ:BLLN) CTO David Tsao Sells 20,000 Shares of Company Stock - MarketBeat",2026-10-08T01:21:02+00:00,2026-10-08T01:20:51+00:00
gnews_fed,Talarico says Paxton-backed tariffs threaten free chips and salsa - Macon Telegraph,2026-10-08T00:58:00+00:00,2026-10-08T01:22:55+00:00
gnews_fed,"Federal Reserve officials expect another rate hike will be needed this year, according to minutes - Reading Eagle",2026-10-07T18:15:39+00:00,2026-10-08T01:24:59+00:00
gnews_fed,"Federal Reserve officials expect another rate hike will be needed this year, according to minutes - The Standard-Speaker",2026-10-07T18:20:24+00:00,2026-10-08T01:24:59+00:00
gnews_fed,US One-Year Inflation Expectations Surge to 3.9%; Household Financial Confidence Deteriorates for Second Straight Month - BigGo Finance,2026-10-08T00:25:00+00:00,2026-10-08T01:24:59+00:00
investing_news,"Amazon makes fresh job cuts, mainly in retail division",,2026-10-08T01:27:03+00:00
investing_news,U.S. stock futures steady after Wall St retreats from records; yields climb,,2026-10-08T01:27:03+00:00
investing_news,Nikkei 225 squeezed between SuperTrend and 20 SMA: Live levels,,2026-10-08T01:27:03+00:00
investing_news,SK Hynix breaks below Ichimoku cloud: Live levels,,2026-10-08T01:27:03+00:00
gnews_oil_trump,Michigan Republican Mike Rogers breaks with Trump over Canada tariffs - CTV News,2026-10-08T01:01:00+00:00,2026-10-08T01:29:07+00:00
gnews_oil_trump,Michigan Republican candidate breaks with Trump over tariffs on Canada - CP24,2026-10-07T18:38:20+00:00,2026-10-08T01:29:07+00:00
gnews_oil_trump,Michigan Republican candidate breaks with Trump over tariffs on Canada - CTV News,2026-10-07T18:26:22+00:00,2026-10-08T01:31:11+00:00
gnews_oil_trump,Carney rejects Trump tariff threat over Canada-EU associate membership - scanx.trade,2026-10-07T10:25:28+00:00,2026-10-08T01:33:16+00:00
gnews_nasdaq,Wall Street retreats from its record as stocks fall worldwide - Rutland Herald,2026-10-07T13:52:18+00:00,2026-10-08T01:35:21+00:00
gnews_nasdaq,"Fluence Energy, Comfort Systems, Powell, Sterling, and Herc Shares Plummet, What You Need To Know - StockStory",2026-10-07T19:04:46+00:00,2026-10-08T01:39:31+00:00
gnews_oil_trump,"Susan Collins Brags About Ending Tariffs on Road Salt, Troy Jackson Responds: 'We Can't Eat Road Salt' - MeidasTouch News",2026-10-07T12:37:20+00:00,2026-10-08T01:41:34+00:00
gnews_nasdaq,"S&P 500 And Nasdaq 100 Slip From Record Highs Amid Pressure From Soaring Treasury Yields — SPCX, AMD, NVDA, MRVL In Focus - Yahoo Finance",2026-10-07T22:50:51+00:00,2026-10-08T01:41:34+00:00
gnews_fed,Dollar edges back from 18-month high after FOMC minutes - Reuters,2026-10-08T00:43:00+00:00,2026-10-08T01:43:37+00:00
investing_news,US grants Aurora exemption for self-driving trucks safety feature,,2026-10-08T01:43:37+00:00
investing_news,"Wealthy investors view rates and yields as the biggest growth risk, says Deutsche Bank",,2026-10-08T01:43:37+00:00
gnews_fed,Dollar edges back from 18-month high after FOMC minutes - Belleville News-Democrat,2026-10-08T00:58:06+00:00,2026-10-08T01:45:41+00:00
